epoch,train_loss,val_loss
1,0.3085693120956421,0.23639991879463196
2,0.21503692865371704,0.2058156579732895
3,0.18689720332622528,0.1834455281496048
4,0.1659659743309021,0.17820382118225098
5,0.15031442046165466,0.18671205639839172
6,0.1326129138469696,0.20214878022670746
7,0.11473140865564346,0.22710734605789185
