epoch,train_loss,val_loss
1,0.2835809290409088,0.220842644572258
2,0.20692746341228485,0.1929715871810913
3,0.18154600262641907,0.18423204123973846
4,0.16407911479473114,0.18217092752456665
5,0.14775431156158447,0.18927611410617828
6,0.13109292089939117,0.20120775699615479
7,0.11495687812566757,0.2305622696876526
8,0.10102695971727371,0.24400702118873596
9,0.09027163684368134,0.25691086053848267
