epoch,train_loss,val_loss
1,0.3416016697883606,0.22643905878067017
2,0.22416897118091583,0.20177920162677765
3,0.19446274638175964,0.18826447427272797
4,0.17618794739246368,0.1802499145269394
5,0.1678316295146942,0.17447812855243683
6,0.14903080463409424,0.22244267165660858
7,0.14347417652606964,0.21024031937122345
8,0.12033165246248245,0.23729820549488068
