epoch,train_loss,val_loss
1,0.34785380959510803,0.23213869333267212
2,0.22707872092723846,0.20022636651992798
3,0.19280944764614105,0.18770046532154083
4,0.17346516251564026,0.18649759888648987
5,0.15672670304775238,0.1960735321044922
6,0.14248818159103394,0.19669580459594727
7,0.125478595495224,0.22086767852306366
8,0.11090992391109467,0.2295239120721817
