epoch,train_loss,val_loss
1,0.3625582158565521,0.3007378578186035
2,0.23968054354190826,0.22412975132465363
3,0.20714329183101654,0.202740877866745
4,0.1867481768131256,0.18897941708564758
5,0.17046627402305603,0.1919429898262024
6,0.15489670634269714,0.19741976261138916
7,0.14215172827243805,0.2053126096725464
