epoch,train_loss,val_loss
1,0.28379911184310913,0.21681030094623566
2,0.20501506328582764,0.20032855868339539
3,0.18228912353515625,0.18791623413562775
4,0.16741594672203064,0.1971256285905838
5,0.15374451875686646,0.18766207993030548
6,0.13955754041671753,0.19006137549877167
7,0.12574437260627747,0.1993374228477478
8,0.11245927214622498,0.21031548082828522
9,0.10055519640445709,0.2265477329492569
