epoch,train_loss,val_loss
1,0.29216691851615906,0.26075512170791626
2,0.20277447998523712,0.19704635441303253
3,0.17972692847251892,0.1885320097208023
4,0.1658027470111847,0.19466088712215424
5,0.15435291826725006,0.18567495048046112
6,0.14237579703330994,0.18626146018505096
7,0.1308128982782364,0.18655170500278473
8,0.11973480880260468,0.19894655048847198
9,0.11038529127836227,0.2051100879907608
10,0.09998532384634018,0.2078620195388794
