epoch,train_loss,val_loss
1,0.28871259093284607,0.2341158092021942
2,0.2060009390115738,0.19119712710380554
3,0.18216444551944733,0.18113087117671967
4,0.16669727861881256,0.17907513678073883
5,0.15372368693351746,0.184275284409523
6,0.14069753885269165,0.19535350799560547
