epoch,train_loss,val_loss
1,0.2827044129371643,0.21420012414455414
2,0.20465689897537231,0.18760018050670624
3,0.17901340126991272,0.1829572468996048
4,0.16130144894123077,0.18282344937324524
5,0.14452305436134338,0.18779759109020233
6,0.12818966805934906,0.19551490247249603
7,0.1123463436961174,0.21193213760852814
