epoch,train_loss,val_loss
1,0.40125128626823425,0.3625437319278717
2,0.28237444162368774,0.23201113939285278
3,0.2270229160785675,0.2075984925031662
4,0.2045724093914032,0.244131937623024
5,0.18997269868850708,0.19926364719867706
6,0.17572231590747833,0.2136075347661972
7,0.15958639979362488,0.1980903148651123
8,0.15530571341514587,0.24457433819770813
9,0.26852965354919434,0.3164708912372589
10,0.28562498092651367,0.3196089267730713
