epoch,train_loss,val_loss
1,0.28169113397598267,0.2166791707277298
2,0.2069927304983139,0.19135461747646332
3,0.18271145224571228,0.18741083145141602
4,0.16606533527374268,0.18191838264465332
5,0.14994153380393982,0.18328814208507538
6,0.13245080411434174,0.19309566915035248
7,0.11608605086803436,0.20830492675304413
