epoch,train_loss,val_loss
1,0.3404657244682312,0.23241904377937317
2,0.234690859913826,0.20214799046516418
3,0.20135073363780975,0.190581277012825
4,0.17877036333084106,0.19096609950065613
5,0.15836991369724274,0.19025138020515442
6,0.13575412333011627,0.2243845909833908
7,0.11687862128019333,0.2219991236925125
