epoch,train_loss,val_loss
1,0.31601327657699585,0.25976982712745667
2,0.2146470546722412,0.207842156291008
3,0.1902674436569214,0.19352169334888458
4,0.17582890391349792,0.20023849606513977
5,0.16426122188568115,0.17893096804618835
6,0.15481875836849213,0.18924130499362946
7,0.14521153271198273,0.18521589040756226
8,0.1357540488243103,0.1883697211742401
