epoch,train_loss,val_loss
1,0.3316899538040161,0.2260001301765442
2,0.2270684689283371,0.20824284851551056
3,0.19419477880001068,0.19657227396965027
4,0.1731375753879547,0.18556378781795502
5,0.15109753608703613,0.20223592221736908
6,0.12931819260120392,0.2234201729297638
7,0.11024291813373566,0.22169387340545654
