epoch,train_loss,val_loss
1,0.33054569363594055,0.32957565784454346
2,0.23124350607395172,0.25392666459083557
3,0.2031593769788742,0.20935982465744019
4,0.18576475977897644,0.18870383501052856
5,0.17414620518684387,0.19584810733795166
6,0.16942846775054932,0.21998950839042664
7,0.15775184333324432,0.20064738392829895
