epoch,train_loss,val_loss
1,0.3861258029937744,0.8208048939704895
2,0.338278591632843,0.5287029147148132
3,0.32168835401535034,0.5311700701713562
4,0.31154072284698486,2.825679302215576
5,0.30242371559143066,0.560732364654541
6,0.5456814765930176,40.64199447631836
7,0.6932529807090759,13.713425636291504
8,0.6932379007339478,80.302978515625
