epoch,train_loss,val_loss
1,0.35236653685569763,0.3911885619163513
2,0.23817217350006104,0.23358237743377686
3,0.21193157136440277,0.19591988623142242
4,0.19017337262630463,0.194365456700325
5,0.17494098842144012,0.1808292269706726
6,0.16238544881343842,0.1869642436504364
7,0.15156345069408417,0.19062857329845428
8,0.14030888676643372,0.20693853497505188
