epoch,train_loss,val_loss
1,0.3300131857395172,0.23754601180553436
2,0.23122024536132812,0.20700222253799438
3,0.20019453763961792,0.19417792558670044
