epoch,train_loss,val_loss
1,0.2892187833786011,0.22243666648864746
2,0.21467097103595734,0.20593369007110596
3,0.18936826288700104,0.19549228250980377
