epoch,train_loss,val_loss
1,0.31472527980804443,0.24057631194591522
2,0.21935157477855682,0.2063445895910263
3,0.19287912547588348,0.19450396299362183
