epoch,train_loss,val_loss
1,0.3573067784309387,0.2452438473701477
2,0.23629502952098846,0.2240106463432312
3,0.20172150433063507,0.19202876091003418
4,0.18228696286678314,0.19048045575618744
5,0.16834525763988495,0.18668490648269653
6,0.15888293087482452,0.1822911649942398
7,0.1525762528181076,0.2116365134716034
8,0.1337847113609314,0.2094872146844864
