epoch,train_loss,val_loss
1,0.34712809324264526,0.265934020280838
2,0.23118098080158234,0.20362736284732819
3,0.19619348645210266,0.2131471335887909
4,0.1722549945116043,0.20678453147411346
5,0.14855705201625824,0.2441685050725937
6,0.12625975906848907,0.23278476297855377
7,0.10599850863218307,0.3057282865047455
