epoch,train_loss,val_loss
1,0.3291449248790741,0.23802952468395233
2,0.22520004212856293,0.19855496287345886
3,0.1936081200838089,0.18814697861671448
4,0.17107069492340088,0.19400954246520996
5,0.14944402873516083,0.2142566591501236
6,0.12889491021633148,0.20939423143863678
7,0.10873308032751083,0.22249947488307953
8,0.0920252650976181,0.24713343381881714
9,0.08345304429531097,0.28560444712638855
10,0.06801999360322952,0.33851945400238037
