epoch,train_loss,val_loss
1,0.3422001302242279,0.21846343576908112
2,0.221013143658638,0.20125366747379303
3,0.18936128914356232,0.1901659518480301
4,0.17091873288154602,0.18691781163215637
5,0.1558549851179123,0.18824799358844757
6,0.13725458085536957,0.20412009954452515
7,0.11908632516860962,0.2581859230995178
8,0.1049363985657692,0.2360164076089859
