epoch,train_loss,val_loss
1,0.31432387232780457,0.22420617938041687
2,0.2195514589548111,0.19329115748405457
3,0.18801671266555786,0.1856384575366974
4,0.1674177646636963,0.1850029081106186
5,0.14532490074634552,0.2063656598329544
6,0.1234353631734848,0.20797765254974365
7,0.104274220764637,0.22426548600196838
8,0.09279124438762665,0.28398093581199646
9,0.07901303470134735,0.25904932618141174
