epoch,train_loss,val_loss
1,0.3245328962802887,0.2294389307498932
2,0.22069860994815826,0.2119843065738678
3,0.18914057314395905,0.1861005425453186
4,0.16896188259124756,0.19664159417152405
5,0.15098214149475098,0.18441396951675415
6,0.13518793880939484,0.1922983080148697
7,0.11562439054250717,0.20163029432296753
8,0.09622053802013397,0.22401583194732666
9,0.07945124059915543,0.275179922580719
10,0.06737253814935684,0.2850978970527649
