epoch,train_loss,val_loss
1,0.38118356466293335,0.3631426990032196
2,0.33642110228538513,0.36499515175819397
3,0.3018960654735565,0.2989942133426666
4,0.28401967883110046,0.37253808975219727
5,0.2733743190765381,0.3635098934173584
6,0.2638000547885895,0.32451996207237244
