epoch,train_loss,val_loss
1,0.4332315921783447,0.39819884300231934
2,0.3626296818256378,0.34145623445510864
3,0.328396201133728,0.33071276545524597
4,0.303303062915802,0.30915990471839905
5,0.2927931845188141,0.3261153995990753
6,0.30738526582717896,0.3284994065761566
7,0.2964242994785309,0.3431485891342163
