epoch,train_loss,val_loss
1,0.31506049633026123,0.23453202843666077
2,0.21772417426109314,0.19484074413776398
3,0.18809200823307037,0.18436506390571594
4,0.16778235137462616,0.18455904722213745
5,0.14969554543495178,0.1868557333946228
6,0.1306779533624649,0.21288280189037323
7,0.11237909644842148,0.21990597248077393
8,0.09550011903047562,0.25661906599998474
