epoch,train_loss,val_loss
1,0.31919345259666443,0.23547516763210297
2,0.21290451288223267,0.19205597043037415
3,0.1831367015838623,0.2029581516981125
4,0.1635366827249527,0.1986694037914276
5,0.14417777955532074,0.21759110689163208
6,0.1262359321117401,0.20139338076114655
7,0.10786531865596771,0.21875964105129242
8,0.09209609031677246,0.2629343569278717
9,0.07765648514032364,0.2581688463687897
