epoch,train_loss,val_loss
1,0.6943138241767883,0.693077564239502
2,0.6932777762413025,0.6931331157684326
3,0.6930137276649475,0.69317626953125
