epoch,train_loss,val_loss
1,0.38046419620513916,0.36121025681495667
2,0.3351534307003021,0.3601199686527252
3,0.30019304156303406,0.29085904359817505
4,0.28612589836120605,0.328827828168869
5,0.27598103880882263,0.47121503949165344
6,0.2668636441230774,0.3160204291343689
