epoch,train_loss,val_loss
1,0.3457626402378082,0.2537097930908203
2,0.22843654453754425,0.19888390600681305
3,0.19375678896903992,0.19607967138290405
4,0.17362160980701447,0.21528774499893188
5,0.15219995379447937,0.20033182203769684
6,0.1306115984916687,0.21907316148281097
7,0.11094352602958679,0.245546355843544
8,0.09215224534273148,0.27810391783714294
