epoch,train_loss,val_loss
1,0.3419189155101776,0.2509836256504059
2,0.23679190874099731,0.3241245150566101
3,0.20798778533935547,0.2016906589269638
