epoch,train_loss,val_loss
1,0.3220588266849518,0.2518245279788971
2,0.22408784925937653,0.2036047726869583
3,0.193009614944458,0.18677611649036407
4,0.17311623692512512,0.18994425237178802
5,0.1568814218044281,0.20036327838897705
6,0.13916289806365967,0.1992626190185547
