epoch,train_loss,val_loss
1,0.31725171208381653,0.2460426241159439
2,0.2154613584280014,0.19408760964870453
3,0.18507824838161469,0.18480686843395233
4,0.16653969883918762,0.1875755786895752
5,0.15634679794311523,0.17795361578464508
6,0.13853590190410614,0.18410740792751312
7,0.12389975786209106,0.19393783807754517
8,0.11499902606010437,0.19757747650146484
