epoch,train_loss,val_loss
1,0.3407762050628662,0.26018011569976807
2,0.23412933945655823,0.2120068371295929
3,0.20152336359024048,0.20502090454101562
