epoch,train_loss,val_loss
1,0.3095463514328003,0.24277430772781372
2,0.21422258019447327,0.1979544460773468
3,0.18404969573020935,0.19875603914260864
4,0.16595418751239777,0.19013264775276184
5,0.14703057706356049,0.1875067800283432
6,0.13155624270439148,0.2088293880224228
7,0.11599316447973251,0.20619407296180725
8,0.09826109558343887,0.23192806541919708
9,0.08445809036493301,0.2393009215593338
10,0.0733649879693985,0.27024421095848083
