epoch,train_loss,val_loss
1,0.3115399479866028,0.22182674705982208
2,0.21239183843135834,0.18994039297103882
3,0.18301402032375336,0.18842826783657074
4,0.16530708968639374,0.19047890603542328
5,0.14767113327980042,0.18982049822807312
6,0.12935152649879456,0.19976061582565308
7,0.11184486001729965,0.21564917266368866
8,0.09535248577594757,0.23271316289901733
9,0.0818052738904953,0.27803272008895874
