epoch,train_loss,val_loss
1,0.2950684726238251,0.24638770520687103
2,0.21612216532230377,0.21044084429740906
3,0.19071891903877258,0.19599831104278564
4,0.17328734695911407,0.19771809875965118
5,0.15514400601387024,0.208119198679924
6,0.1366729736328125,0.21888777613639832
7,0.11787521839141846,0.23889106512069702
