epoch,train_loss,val_loss
1,0.34845396876335144,0.2754739820957184
2,0.22849494218826294,0.19641055166721344
3,0.19702580571174622,0.20255053043365479
4,0.18016336858272552,0.1933661252260208
5,0.16360393166542053,0.1826564371585846
6,0.1493394523859024,0.19078847765922546
7,0.13489516079425812,0.20266854763031006
8,0.12143298983573914,0.21229885518550873
