epoch,train_loss,val_loss
1,0.4757165312767029,0.4256281554698944
2,0.3846682906150818,0.832166850566864
3,0.5329456329345703,0.6931055188179016
4,0.6931207180023193,0.6930385231971741
