epoch,train_loss,val_loss
1,0.4139780104160309,0.4436626732349396
2,0.33152955770492554,0.3117365539073944
3,0.30969342589378357,0.32296624779701233
4,0.29482296109199524,0.3052904009819031
5,0.3009253442287445,0.32932862639427185
6,0.30556994676589966,0.32900166511535645
7,0.29524606466293335,0.33103513717651367
