epoch,train_loss,val_loss
1,0.35217759013175964,0.270138680934906
2,0.23168137669563293,0.20827101171016693
3,0.20181812345981598,0.20376093685626984
4,0.18263253569602966,0.1968563199043274
5,0.17238472402095795,0.19791185855865479
6,0.15640699863433838,0.20047080516815186
7,0.14299950003623962,0.18738767504692078
8,0.12928013503551483,0.19552373886108398
9,0.11616276204586029,0.2149493396282196
10,0.1102253794670105,0.22021923959255219
