epoch,train_loss,val_loss
1,0.27988842129707336,0.2140272855758667
2,0.20569171011447906,0.19367048144340515
3,0.1843426525592804,0.1872321218252182
4,0.17051878571510315,0.1806696057319641
5,0.15698373317718506,0.18565276265144348
6,0.1424461007118225,0.19170768558979034
7,0.12785613536834717,0.20328815281391144
8,0.11404673755168915,0.21387717127799988
9,0.10151053965091705,0.23561245203018188
