epoch,train_loss,val_loss
1,0.35437560081481934,0.25445419549942017
2,0.24454882740974426,0.21216018497943878
3,0.2078828662633896,0.19705389440059662
4,0.18953214585781097,0.2009347677230835
5,0.17597314715385437,0.19653864204883575
6,0.16031426191329956,0.1971900463104248
7,0.14416272938251495,0.23265090584754944
8,0.12852345407009125,0.278454065322876
