epoch,train_loss,val_loss
1,0.28094789385795593,0.23256613314151764
2,0.20843295753002167,0.19984392821788788
3,0.1831068992614746,0.18690307438373566
4,0.1652170866727829,0.1829189658164978
5,0.14748504757881165,0.18876534700393677
6,0.1299402415752411,0.19657698273658752
7,0.11357074975967407,0.21038447320461273
8,0.09910531342029572,0.24446387588977814
