epoch,train_loss,val_loss
1,0.6942334771156311,0.693084180355072
2,0.6932762861251831,0.693246603012085
3,0.6929850578308105,0.693265438079834
