epoch,train_loss,val_loss
1,0.40720251202583313,0.3989121913909912
2,0.3498646020889282,0.36387279629707336
3,0.3311498165130615,0.3229010999202728
4,0.3200165629386902,0.32565703988075256
5,0.30770182609558105,0.31126606464385986
6,0.29783180356025696,0.32042500376701355
7,0.28825241327285767,0.31948322057724
8,0.2788239121437073,0.32071030139923096
9,0.27017852663993835,0.32264071702957153
10,0.2598001956939697,0.33321458101272583
11,0.24643279612064362,0.33817607164382935
