epoch,train_loss,val_loss
1,0.378869891166687,0.38334235548973083
2,0.33534616231918335,0.33937713503837585
3,0.3067692220211029,0.3194187581539154
4,0.2760164439678192,0.4425041377544403
5,0.3026488125324249,0.31369921565055847
6,0.29157087206840515,0.3114977777004242
7,0.28360438346862793,0.3960168957710266
8,0.27446818351745605,0.3885335624217987
