epoch,train_loss,val_loss
1,0.6944476366043091,0.695607602596283
2,0.6933839917182922,0.6944922804832458
3,0.693060576915741,0.6944369673728943
