epoch,train_loss,val_loss
1,0.3241344094276428,0.24631649255752563
2,0.21808715164661407,0.19477547705173492
3,0.1884617656469345,0.19443482160568237
4,0.1713327169418335,0.1903427243232727
5,0.15532177686691284,0.19641318917274475
6,0.14069660007953644,0.20240727066993713
7,0.12756425142288208,0.21310093998908997
