epoch,train_loss,val_loss
1,0.33093082904815674,0.2310878038406372
2,0.21612045168876648,0.19418644905090332
3,0.18846513330936432,0.1805821806192398
4,0.1706429421901703,0.17969255149364471
5,0.15602925419807434,0.17803771793842316
6,0.14490842819213867,0.18081235885620117
7,0.1306048333644867,0.19218416512012482
8,0.11574365198612213,0.20612379908561707
9,0.1064634919166565,0.21482589840888977
