epoch,train_loss,val_loss
1,0.3302828073501587,0.2697330117225647
2,0.22167541086673737,0.2096383273601532
3,0.19272299110889435,0.18617816269397736
4,0.17078323662281036,0.1821286529302597
5,0.16064384579658508,0.18230265378952026
6,0.14073814451694489,0.20497079193592072
7,0.13156597316265106,0.1996678113937378
8,0.11123887449502945,0.21895618736743927
