epoch,train_loss,val_loss
1,0.3196270167827606,0.2380191683769226
2,0.21350497007369995,0.1976742148399353
3,0.18656998872756958,0.18352274596691132
4,0.16749051213264465,0.19030991196632385
5,0.15290284156799316,0.1914108842611313
6,0.1385047286748886,0.1873355507850647
7,0.12348920851945877,0.19845092296600342
8,0.11025585979223251,0.21877014636993408
9,0.09567558020353317,0.22034050524234772
