epoch,train_loss,val_loss
1,0.2946968972682953,0.2322029173374176
2,0.21186856925487518,0.20601239800453186
3,0.1870783418416977,0.2070174664258957
4,0.1711421012878418,0.18337403237819672
5,0.1573147475719452,0.1829519122838974
6,0.14290836453437805,0.18707945942878723
7,0.12861624360084534,0.19640982151031494
8,0.11541851609945297,0.21612830460071564
