epoch,train_loss,val_loss
1,0.3643496334552765,0.2599404454231262
2,0.2406594306230545,0.21189440786838531
3,0.20404060184955597,0.216542050242424
4,0.18520252406597137,0.1871207058429718
5,0.16991733014583588,0.4299863874912262
6,0.15760447084903717,0.18341875076293945
7,0.1465129852294922,0.2067573368549347
8,0.13535816967487335,0.20875601470470428
9,0.1224701777100563,0.22761128842830658
