epoch,train_loss,val_loss
1,0.32211148738861084,0.2649470865726471
2,0.2271001935005188,0.20424765348434448
3,0.19797730445861816,0.19007045030593872
4,0.1798136830329895,0.18999414145946503
5,0.17066268622875214,0.19456031918525696
6,0.1549052894115448,0.19737105071544647
7,0.14128780364990234,0.19954048097133636
