epoch,train_loss,val_loss
1,0.3329087197780609,0.23232564330101013
2,0.22697094082832336,0.20355632901191711
3,0.19523583352565765,0.1927928626537323
4,0.17381511628627777,0.19125492870807648
5,0.15032818913459778,0.1996217519044876
6,0.13412787020206451,0.21537116169929504
7,0.11599558591842651,0.217546284198761
8,0.09471593797206879,0.22953470051288605
9,0.08048883080482483,0.2751542329788208
10,0.06652941554784775,0.32248997688293457
11,0.05680524930357933,0.31975966691970825
