epoch,train_loss,val_loss
1,0.30815422534942627,0.22887054085731506
2,0.21078000962734222,0.2177172303199768
3,0.18777693808078766,0.22305931150913239
4,0.17379643023014069,0.18848389387130737
5,0.1623472273349762,0.18250304460525513
6,0.15111815929412842,0.1797255575656891
7,0.13923543691635132,0.18534713983535767
8,0.1280554234981537,0.1804341971874237
9,0.1165771484375,0.19154614210128784
10,0.10635507106781006,0.2217901349067688
11,0.095587819814682,0.2201889008283615
