epoch,train_loss,val_loss
1,0.3404068350791931,0.23001177608966827
2,0.2374434769153595,0.20222200453281403
3,0.202122300863266,0.1956302672624588
4,0.17789290845394135,0.1915600597858429
5,0.15356512367725372,0.2015729695558548
6,0.13088901340961456,0.2195017784833908
7,0.10907462984323502,0.2763909697532654
