epoch,train_loss,val_loss
1,0.34601977467536926,0.24822364747524261
2,0.22712305188179016,0.21039675176143646
3,0.19229231774806976,0.18731693923473358
4,0.17176003754138947,0.19867366552352905
5,0.15336920320987701,0.21445563435554504
6,0.13636381924152374,0.21263395249843597
