epoch,train_loss,val_loss
1,0.28814104199409485,0.23912762105464935
2,0.2150236964225769,0.2077801525592804
3,0.19049830734729767,0.20178811252117157
