epoch,train_loss,val_loss
1,0.31976979970932007,0.2657417953014374
2,0.21838130056858063,0.19706788659095764
3,0.1873098909854889,0.19004851579666138
4,0.1681603491306305,0.19032150506973267
5,0.1530561000108719,0.18254730105400085
6,0.13851436972618103,0.19598639011383057
7,0.13045619428157806,0.21846885979175568
8,0.11504631489515305,0.21045173704624176
9,0.0979175716638565,0.22610154747962952
