epoch,train_loss,val_loss
1,0.3968740701675415,0.3556308150291443
2,0.3147088587284088,0.3109363913536072
3,0.3248201012611389,0.32834282517433167
4,0.32632070779800415,0.3226109445095062
5,0.31570133566856384,0.33160287141799927
