epoch,train_loss,val_loss
1,0.294405460357666,0.23127588629722595
2,0.20695702731609344,0.1904187947511673
3,0.1803085207939148,0.1830652505159378
4,0.16365119814872742,0.17889057099819183
5,0.14957354962825775,0.1780616194009781
6,0.13617001473903656,0.18602889776229858
7,0.12262684851884842,0.19947877526283264
8,0.11098441481590271,0.20829205214977264
