epoch,train_loss,val_loss
1,0.3879478871822357,0.3589632213115692
2,0.27158495783805847,0.234556183218956
3,0.22498837113380432,0.2380404770374298
4,0.20159360766410828,0.20057931542396545
5,0.18532413244247437,0.20711806416511536
6,0.17238342761993408,0.2108641415834427
7,0.15739335119724274,0.2072165608406067
