epoch,train_loss,val_loss
1,0.33785325288772583,0.23378711938858032
2,0.22851192951202393,0.20293603837490082
3,0.19830194115638733,0.1931903213262558
