epoch,train_loss,val_loss
1,0.405498743057251,0.3742658197879791
2,0.353875994682312,0.41866275668144226
3,0.33397454023361206,0.333545982837677
4,0.3282119929790497,0.3110481798648834
5,0.3149915337562561,0.3917413651943207
6,0.30552855134010315,0.30879664421081543
7,0.2963722348213196,0.3193541169166565
8,0.29252931475639343,0.32403817772865295
9,0.28122714161872864,0.3398510217666626
