epoch,train_loss,val_loss
1,0.3370891511440277,0.22840896248817444
2,0.22219325602054596,0.19069689512252808
3,0.19081008434295654,0.18871012330055237
4,0.1715080589056015,0.18456272780895233
5,0.15489965677261353,0.1898954212665558
6,0.13555845618247986,0.18701812624931335
7,0.11792035400867462,0.21640026569366455
8,0.09865182638168335,0.22460709512233734
