epoch,train_loss,val_loss
1,0.6845815777778625,0.6931516528129578
2,0.693306028842926,0.6931223273277283
3,0.6929532885551453,0.6930888295173645
