epoch,train_loss,val_loss
1,0.6941606998443604,0.6936948299407959
2,0.69331294298172,0.6934604644775391
3,0.6930769681930542,0.6930522918701172
