epoch,train_loss,val_loss
1,0.2910085916519165,0.21381109952926636
2,0.20542027056217194,0.21532651782035828
3,0.18203699588775635,0.1847963035106659
4,0.16680026054382324,0.19002102315425873
5,0.15245933830738068,0.1917554885149002
6,0.13935226202011108,0.202973410487175
7,0.1263623684644699,0.20777174830436707
8,0.11428957432508469,0.20786838233470917
9,0.1025744155049324,0.22242771089076996
10,0.09293067455291748,0.22528906166553497
