epoch,train_loss,val_loss
1,0.3343445956707001,0.24991892278194427
2,0.21852995455265045,0.20688602328300476
3,0.19050855934619904,0.1941085159778595
4,0.1697034388780594,0.18242192268371582
5,0.15221217274665833,0.19353733956813812
6,0.13497644662857056,0.19465869665145874
7,0.11557287722826004,0.22247852385044098
8,0.09813527017831802,0.22698348760604858
9,0.08088292926549911,0.24106252193450928
