epoch,train_loss,val_loss
1,0.3537740707397461,0.2516575753688812
2,0.2298971563577652,0.21185840666294098
3,0.1975967288017273,0.18878236413002014
4,0.17956164479255676,0.18507666885852814
5,0.16202312707901,0.19386106729507446
6,0.14748230576515198,0.21122562885284424
7,0.1336827576160431,0.20822773873806
8,0.11925332248210907,0.23701201379299164
