epoch,train_loss,val_loss
1,0.3129445016384125,0.21961709856987
2,0.21368595957756042,0.21261022984981537
3,0.18568861484527588,0.19980573654174805
4,0.16661745309829712,0.18972139060497284
5,0.14624494314193726,0.197007417678833
6,0.1248445138335228,0.2178063690662384
7,0.10632053017616272,0.2900477647781372
8,0.08990179747343063,0.32468727231025696
9,0.07683566957712173,0.3315780758857727
