epoch,train_loss,val_loss
1,0.6940549612045288,0.6942964196205139
2,0.6932905912399292,0.6935259103775024
3,0.693141520023346,0.6933494806289673
