epoch,train_loss,val_loss
1,0.3308587670326233,0.2405363917350769
2,0.2219642698764801,0.2016270011663437
3,0.19214878976345062,0.18832506239414215
4,0.1759503036737442,0.1803773045539856
5,0.16555826365947723,0.18406769633293152
6,0.14953798055648804,0.1862614005804062
7,0.13656474649906158,0.1848674863576889
8,0.12676304578781128,0.20210963487625122
9,0.11245685815811157,0.20456984639167786
10,0.10212638974189758,0.23895646631717682
