epoch,train_loss,val_loss
1,0.36566445231437683,0.28153541684150696
2,0.2476872205734253,0.25448042154312134
3,0.21705663204193115,0.21045668423175812
4,0.1967805176973343,0.2043590247631073
5,0.181511789560318,0.196028932929039
6,0.16948112845420837,0.19815006852149963
7,0.15898169577121735,0.20278383791446686
8,0.15104351937770844,0.23073700070381165
9,0.1403590589761734,0.2394929826259613
