epoch,train_loss,val_loss
1,0.6371810436248779,0.6933901309967041
2,0.6935080885887146,0.6932775378227234
3,0.6929653882980347,0.6932380795478821
