epoch,train_loss,val_loss
1,0.3484593629837036,0.2437693029642105
2,0.23296993970870972,0.20567069947719574
3,0.20338362455368042,0.20228303968906403
4,0.18498313426971436,0.19735722243785858
5,0.16724613308906555,0.2019428312778473
6,0.1522059142589569,0.19987359642982483
7,0.1363063007593155,0.2407234162092209
8,0.12024573236703873,0.2315652072429657
9,0.10615287721157074,0.27210691571235657
