epoch,train_loss,val_loss
1,0.6944881677627563,0.6954140067100525
2,0.693397581577301,0.6942570805549622
3,0.6932951211929321,0.6932700276374817
