epoch,train_loss,val_loss
1,0.28330662846565247,0.21634304523468018
2,0.2083500772714615,0.2012528032064438
3,0.18501858413219452,0.19051872193813324
4,0.17013868689537048,0.1901925951242447
5,0.15567512810230255,0.1913926899433136
6,0.1402970254421234,0.1983562856912613
7,0.12412356585264206,0.20550723373889923
8,0.10960393399000168,0.23354600369930267
