epoch,train_loss,val_loss
1,0.3406878113746643,0.23861247301101685
2,0.22860614955425262,0.20603422820568085
3,0.19767558574676514,0.18853631615638733
4,0.1806216835975647,0.18935826420783997
5,0.16933001577854156,0.18272584676742554
6,0.1561184674501419,0.20713487267494202
7,0.14524303376674652,0.19016969203948975
8,0.13208577036857605,0.205764040350914
