epoch,train_loss,val_loss
1,0.2791006565093994,0.2176206260919571
2,0.20855897665023804,0.19586081802845
3,0.1842748373746872,0.18256889283657074
4,0.16741861402988434,0.1783314347267151
5,0.15215501189231873,0.18233893811702728
6,0.13685277104377747,0.19446393847465515
7,0.12187421321868896,0.20239794254302979
