epoch,train_loss,val_loss
1,0.3690115809440613,0.29260244965553284
2,0.24880896508693695,0.2432832270860672
3,0.21165509521961212,0.1933973878622055
4,0.19103890657424927,0.19131946563720703
5,0.17121586203575134,0.1892404854297638
6,0.1563635915517807,0.19383293390274048
7,0.14125052094459534,0.20483273267745972
8,0.12536318600177765,0.23279763758182526
9,0.11144641041755676,0.24877360463142395
