epoch,train_loss,val_loss
1,0.37695854902267456,0.4351489543914795
2,0.33163487911224365,0.3477276563644409
3,0.3140958249568939,0.36720892786979675
4,0.3011568784713745,0.45651569962501526
5,0.2912980914115906,5.62365198135376
