epoch,train_loss,val_loss
1,0.3486098051071167,0.2570270299911499
2,0.23495696485042572,0.23587287962436676
3,0.2024129331111908,0.20696276426315308
4,0.19842228293418884,0.1914878636598587
5,0.17381897568702698,0.20825524628162384
6,0.16090786457061768,0.19001208245754242
7,0.14981171488761902,0.19938643276691437
8,0.13774357736110687,0.22261597216129303
9,0.1281386762857437,0.21796467900276184
