epoch,train_loss,val_loss
1,0.33174967765808105,0.2346380352973938
2,0.22052453458309174,0.20177271962165833
3,0.18951037526130676,0.1824522763490677
4,0.17048130929470062,0.17950712144374847
5,0.15480414032936096,0.184066504240036
6,0.15255145728588104,0.18572531640529633
7,0.13185256719589233,0.2050405591726303
8,0.11386170238256454,0.21763063967227936
