epoch,train_loss,val_loss
1,0.34155935049057007,0.25377634167671204
2,0.22916299104690552,0.19248376786708832
3,0.19497725367546082,0.19054852426052094
4,0.17245681583881378,0.19434848427772522
5,0.15553520619869232,0.19583049416542053
6,0.13664616644382477,0.2338087260723114
7,0.11913397908210754,0.22909551858901978
