epoch,train_loss,val_loss
1,0.43119651079177856,0.37133780121803284
2,0.3497796058654785,0.340082585811615
3,0.32370778918266296,0.3270571827888489
4,0.3032056391239166,0.3176645338535309
5,0.2915811538696289,0.33065080642700195
6,0.289076566696167,0.31301289796829224
7,0.3083154261112213,0.32878977060317993
