epoch,train_loss,val_loss
1,0.28398334980010986,0.22855277359485626
2,0.21271641552448273,0.20456193387508392
3,0.18932844698429108,0.19900953769683838
4,0.17266765236854553,0.19958561658859253
5,0.15567772090435028,0.20110617578029633
6,0.1377258151769638,0.21870529651641846
7,0.11904687434434891,0.22113119065761566
8,0.10277247428894043,0.24839335680007935
9,0.0899692177772522,0.27347156405448914
10,0.08140882849693298,0.3232957124710083
