epoch,train_loss,val_loss
1,0.4523632824420929,0.3815079927444458
2,0.3768133521080017,0.35643360018730164
3,0.3527834713459015,0.3295716643333435
4,0.336874395608902,0.4086906909942627
5,0.3242688775062561,0.43346700072288513
6,0.31387168169021606,0.4486815631389618
7,0.30425047874450684,0.4873565435409546
8,0.2957651615142822,0.43187186121940613
