epoch,train_loss,val_loss
1,0.3336605727672577,0.2924152910709381
2,0.2327164113521576,0.23483574390411377
3,0.20554743707180023,0.22230225801467896
4,0.18988656997680664,0.19393512606620789
5,0.1776040941476822,0.18476234376430511
6,0.1680513173341751,0.1836145669221878
7,0.1601911336183548,0.18759773671627045
8,0.15084879100322723,0.18964524567127228
9,0.141590416431427,0.19698823988437653
10,0.1324038952589035,0.19726824760437012
11,0.1242908388376236,0.20748548209667206
