epoch,train_loss,val_loss
1,0.38033509254455566,0.30354592204093933
2,0.26168641448020935,0.23250123858451843
3,0.2249302864074707,0.23060396313667297
4,0.2010236233472824,0.22190503776073456
5,0.18582995235919952,0.21795585751533508
6,0.17355014383792877,0.20858584344387054
7,0.16579627990722656,0.19456417858600616
8,0.15729616582393646,0.22094516456127167
9,0.1479576975107193,0.23281553387641907
10,0.1347661316394806,0.225636288523674
