epoch,train_loss,val_loss
1,0.2864646017551422,0.239103302359581
2,0.21458327770233154,0.20472298562526703
3,0.1902494579553604,0.19351543486118317
4,0.17278186976909637,0.19019997119903564
5,0.1561703383922577,0.18976208567619324
6,0.1391078233718872,0.1982884705066681
7,0.12180674821138382,0.2066706418991089
8,0.10592395067214966,0.2524721026420593
9,0.09285963326692581,0.25903746485710144
10,0.08173070847988129,0.2807880640029907
