epoch,train_loss,val_loss
1,0.4339340925216675,0.48390811681747437
2,0.30942487716674805,0.5277458429336548
3,0.3576754927635193,0.3360176086425781
4,0.34031370282173157,0.34476253390312195
5,0.3256038725376129,0.3240797817707062
