epoch,train_loss,val_loss
1,0.3467062711715698,0.326517254114151
2,0.24729694426059723,0.21241720020771027
3,0.20727844536304474,0.209757000207901
4,0.1911861151456833,0.1940469741821289
5,0.18273983895778656,0.192884162068367
6,0.16598203778266907,0.19092954695224762
7,0.15828388929367065,0.19842994213104248
8,0.14853377640247345,0.1867811530828476
9,0.1380901038646698,0.19844622910022736
10,0.13683389127254486,0.2020133137702942
11,0.11923281848430634,0.2105047106742859
