epoch,train_loss,val_loss
1,0.28046008944511414,0.2144147753715515
2,0.20486631989479065,0.19854803383350372
3,0.18029636144638062,0.1858883649110794
4,0.1641041338443756,0.18635821342468262
5,0.14929871261119843,0.18717502057552338
6,0.13422821462154388,0.2028360664844513
7,0.12040317058563232,0.22171205282211304
8,0.10778246819972992,0.22479921579360962
