epoch,train_loss,val_loss
1,0.38637426495552063,0.4644685685634613
2,0.33304014801979065,0.3972799479961395
3,0.3170309364795685,28.04502296447754
4,0.30552756786346436,118.96837615966797
5,0.29470452666282654,10.517550468444824
