epoch,train_loss,val_loss
1,0.6943163275718689,0.6930480599403381
2,0.6932508945465088,0.6930605173110962
3,0.6930119395256042,0.6930646896362305
