epoch,train_loss,val_loss
1,0.328769713640213,0.23298576474189758
2,0.22872434556484222,0.2109588384628296
3,0.19878168404102325,0.1995614767074585
4,0.17861802875995636,0.1893833726644516
5,0.15948933362960815,0.19664934277534485
6,0.1397242248058319,0.21043193340301514
7,0.12123797088861465,0.23240292072296143
8,0.10421370714902878,0.23087698221206665
