epoch,train_loss,val_loss
1,0.31749677658081055,0.2330518364906311
2,0.21274983882904053,0.2339523732662201
3,0.19020827114582062,0.1823485642671585
4,0.17138439416885376,0.19936728477478027
5,0.15407191216945648,0.1951635330915451
6,0.13689418137073517,0.20497214794158936
7,0.11973579972982407,0.2148272544145584
8,0.10495629906654358,0.22377212345600128
9,0.0894855484366417,0.24847622215747833
10,0.0759209617972374,0.26300519704818726
11,0.06430104374885559,0.2901371419429779
