epoch,train_loss,val_loss
1,0.3339731991291046,0.23931041359901428
2,0.2258894443511963,0.19943121075630188
3,0.19448770582675934,0.2043645679950714
4,0.17365866899490356,0.1962537169456482
5,0.1563711166381836,0.1855200082063675
6,0.1430167257785797,0.19432905316352844
7,0.12373020499944687,0.20520000159740448
8,0.10726065188646317,0.23806463181972504
