epoch,train_loss,val_loss
1,0.4658220410346985,0.37378764152526855
2,0.3743283152580261,0.3437710702419281
3,0.3509030342102051,0.34846949577331543
4,0.34098148345947266,0.35031658411026
5,0.32707908749580383,0.33154693245887756
6,0.3161506950855255,0.34000855684280396
7,0.3095970153808594,0.3468348979949951
8,0.3008911907672882,0.4114728271961212
9,0.2906357944011688,0.38975152373313904
