epoch,train_loss,val_loss
1,0.37229153513908386,0.30749058723449707
2,0.24320125579833984,0.21211941540241241
3,0.21180981397628784,0.20930318534374237
4,0.19282208383083344,0.20090161263942719
5,0.1789090931415558,0.19734340906143188
6,0.16524212062358856,0.2051025927066803
7,0.16064481437206268,0.20674465596675873
8,0.1473110169172287,0.20523306727409363
9,0.1341463029384613,0.21662114560604095
10,0.12428729236125946,0.23535381257534027
11,0.11452295631170273,0.23374132812023163
