epoch,train_loss,val_loss
1,0.3124397099018097,0.22712615132331848
2,0.20776300132274628,0.20967938005924225
3,0.18339750170707703,0.19475266337394714
4,0.16956640779972076,0.19066856801509857
5,0.15877313911914825,0.18742217123508453
6,0.1476925164461136,0.18743522465229034
7,0.13814429938793182,0.1847255825996399
8,0.12735921144485474,0.21518290042877197
9,0.11694053560495377,0.23405924439430237
10,0.10776452720165253,0.20628902316093445
