epoch,train_loss,val_loss
1,0.2839535176753998,0.22610154747962952
2,0.21005889773368835,0.19348359107971191
3,0.18658199906349182,0.1898277848958969
4,0.1708034873008728,0.18388116359710693
5,0.15562576055526733,0.18951651453971863
6,0.13884955644607544,0.2031346559524536
7,0.12089118361473083,0.21920473873615265
8,0.10353408753871918,0.24875594675540924
