epoch,train_loss,val_loss
1,0.29882892966270447,0.24215379357337952
2,0.20946669578552246,0.21901318430900574
3,0.1854160726070404,0.23931869864463806
4,0.1697278767824173,0.18007837235927582
5,0.15697522461414337,0.17723001539707184
6,0.14486828446388245,0.19105151295661926
7,0.13292008638381958,0.19424182176589966
8,0.12104355543851852,0.1863209307193756
9,0.11010263860225677,0.20317043364048004
10,0.09984733909368515,0.20660802721977234
11,0.0916052833199501,0.20739878714084625
