epoch,train_loss,val_loss
1,0.3232002258300781,0.3436351418495178
2,0.22258597612380981,0.24141164124011993
3,0.19542628526687622,0.2763414978981018
4,0.18115077912807465,0.2870759069919586
5,0.17036643624305725,0.703321635723114
