epoch,train_loss,val_loss
1,0.34869471192359924,0.2343865931034088
2,0.23079997301101685,0.20154108107089996
3,0.20022273063659668,0.19683200120925903
4,0.17690013349056244,0.19041414558887482
5,0.15857763588428497,0.19460920989513397
6,0.14383918046951294,0.22835631668567657
7,0.12428098171949387,0.23745174705982208
8,0.10741060972213745,0.2402794510126114
