epoch,train_loss,val_loss
1,0.6943115592002869,0.6932588815689087
2,0.6933614015579224,0.6930675506591797
3,0.6931125521659851,0.6930496692657471
