epoch,train_loss,val_loss
1,0.43741264939308167,0.5333297848701477
2,0.35768505930900574,0.34179773926734924
3,0.3413953483104706,0.351858526468277
4,0.3267402946949005,0.3253817558288574
5,0.31568288803100586,0.33331456780433655
6,0.30693525075912476,0.3369449973106384
7,0.299789160490036,0.35532113909721375
8,0.28802675008773804,0.45970022678375244
