epoch,train_loss,val_loss
1,0.45543578267097473,0.38958603143692017
2,0.3708103895187378,0.3962884545326233
3,0.34727492928504944,0.36671867966651917
4,0.3332788944244385,0.34135594964027405
5,0.32183730602264404,0.3232400715351105
6,0.31319576501846313,0.3206979036331177
7,0.3032483756542206,0.3429225981235504
8,0.2955627739429474,0.3806686997413635
9,0.28591296076774597,0.365839421749115
