epoch,train_loss,val_loss
1,0.33486008644104004,0.2839697599411011
2,0.21910414099693298,0.20099103450775146
3,0.19080257415771484,0.193287655711174
4,0.17277202010154724,0.20097440481185913
5,0.157975971698761,0.19115503132343292
6,0.14436310529708862,0.19435738027095795
7,0.13210664689540863,0.20669296383857727
8,0.11783143132925034,0.22391468286514282
