epoch,train_loss,val_loss
1,0.35101181268692017,0.27328798174858093
2,0.23905350267887115,0.20610377192497253
3,0.20592983067035675,0.1949198693037033
4,0.18770341575145721,0.19810882210731506
5,0.177474707365036,0.21995428204536438
6,0.16801610589027405,0.19494496285915375
7,0.15526553988456726,0.18320904672145844
8,0.1458422839641571,0.18855193257331848
9,0.1384887844324112,0.1938766986131668
10,0.1329946666955948,0.19234853982925415
