epoch,train_loss,val_loss
1,0.2897467613220215,0.22941811382770538
2,0.2045518457889557,0.19225259125232697
3,0.1799001395702362,0.18161411583423615
4,0.16455189883708954,0.18978512287139893
5,0.15264947712421417,0.18360984325408936
6,0.14180560410022736,0.18380002677440643
7,0.13171082735061646,0.17938251793384552
8,0.12131062895059586,0.18300437927246094
9,0.11230643838644028,0.20273557305335999
10,0.10333485901355743,0.23843736946582794
