epoch,train_loss,val_loss
1,0.3347732424736023,0.2456398606300354
2,0.2356792688369751,0.2176651507616043
3,0.20310430228710175,0.19841167330741882
