epoch,train_loss,val_loss
1,0.3513910472393036,0.43247687816619873
2,0.2559686601161957,2.280569553375244
3,0.23647846281528473,1.41740083694458
4,0.25070101022720337,2.6233084201812744
