epoch,train_loss,val_loss
1,0.3117782175540924,0.2306712120771408
2,0.21557623147964478,0.1970827877521515
3,0.1870463341474533,0.182314932346344
4,0.16729530692100525,0.18908457458019257
5,0.14983856678009033,0.19370290637016296
6,0.13105890154838562,0.20190687477588654
7,0.11440295726060867,0.21666684746742249
8,0.09718406945466995,0.2561761736869812
9,0.08160761743783951,0.27622541785240173
