epoch,train_loss,val_loss
1,0.3257753551006317,0.24703723192214966
2,0.2249719202518463,0.19967341423034668
3,0.19342359900474548,0.1924671083688736
4,0.17176972329616547,0.19295352697372437
5,0.15065087378025055,0.22791215777397156
6,0.12763194739818573,0.2431563287973404
7,0.10766731202602386,0.290012925863266
