epoch,train_loss,val_loss
1,0.3130505383014679,0.23861518502235413
2,0.2103642374277115,0.18890780210494995
3,0.18199892342090607,0.18173404037952423
4,0.1632361263036728,0.18506105244159698
5,0.14699088037014008,0.19221173226833344
6,0.13054333627223969,0.1978994607925415
7,0.11472994089126587,0.21221037209033966
8,0.10102356970310211,0.24496161937713623
9,0.08544735610485077,0.24832358956336975
