epoch,train_loss,val_loss
1,0.290808767080307,0.21790052950382233
2,0.20801584422588348,0.20672699809074402
3,0.1864284723997116,0.19425542652606964
4,0.1729373186826706,0.18087156116962433
5,0.16140635311603546,0.1837143450975418
6,0.15001685917377472,0.18549013137817383
7,0.13833343982696533,0.1873600035905838
