epoch,train_loss,val_loss
1,0.37666696310043335,0.3030054569244385
2,0.263836532831192,0.22074659168720245
3,0.22742342948913574,0.21286752820014954
4,0.20775678753852844,0.2151794731616974
5,0.1893407106399536,0.21387897431850433
6,0.1766318678855896,0.20220990478992462
7,0.16918303072452545,0.19621697068214417
8,0.15560322999954224,0.5808499455451965
9,0.15306982398033142,0.21676476299762726
