epoch,train_loss,val_loss
1,0.3255724608898163,0.2203299105167389
2,0.21870797872543335,0.19918803870677948
3,0.18765000998973846,0.19238071143627167
4,0.1693580150604248,0.20050202310085297
5,0.1478302776813507,0.1894199401140213
6,0.12714098393917084,0.2307693064212799
7,0.1134943887591362,0.311064213514328
8,0.09353981167078018,0.2553061246871948
