epoch,train_loss,val_loss
1,0.41553762555122375,0.3848225176334381
2,0.35519424080848694,0.38316476345062256
3,0.3355787992477417,0.3500872850418091
4,0.32131898403167725,0.3338961601257324
5,0.309330552816391,0.3298490047454834
6,0.29981064796447754,0.33008041977882385
7,0.28885984420776367,0.4229544997215271
8,0.27899256348609924,0.4067164659500122
9,0.2687961757183075,0.3931775987148285
