epoch,train_loss,val_loss
1,0.6944724321365356,0.6932390332221985
2,0.6933379769325256,0.693049430847168
3,0.6931902766227722,0.6930543184280396
