epoch,train_loss,val_loss
1,0.33387792110443115,0.2663958966732025
2,0.21791516244411469,0.207840234041214
3,0.19084495306015015,0.19314630329608917
4,0.17052246630191803,0.19013124704360962
5,0.15543493628501892,0.1895490288734436
6,0.14232636988162994,0.19952677190303802
7,0.12994682788848877,0.2039368748664856
8,0.11674007773399353,0.20784892141819
