epoch,train_loss,val_loss
1,0.3259280323982239,0.22627270221710205
2,0.22383178770542145,0.21352311968803406
3,0.19067950546741486,0.1844938099384308
4,0.1680133193731308,0.18770867586135864
5,0.14779694378376007,0.19442713260650635
6,0.1270272582769394,0.22179394960403442
7,0.1087183728814125,0.2364553064107895
