epoch,train_loss,val_loss
1,0.4241306483745575,0.31708139181137085
2,0.29998907446861267,0.27890992164611816
3,0.25956666469573975,0.27120494842529297
4,0.23372310400009155,0.255053848028183
5,0.21281245350837708,0.225492924451828
6,0.1981695294380188,0.2286662608385086
7,0.18927688896656036,0.22748702764511108
8,0.1745689958333969,0.22233086824417114
9,0.17318175733089447,0.22106318175792694
10,0.15850597620010376,0.2602382302284241
11,0.14582830667495728,0.2847239077091217
