epoch,train_loss,val_loss
1,0.2817098796367645,0.21257071197032928
2,0.20431208610534668,0.1949586272239685
3,0.17903266847133636,0.18624016642570496
4,0.1616150289773941,0.18496941030025482
5,0.14557389914989471,0.1844855546951294
6,0.13032039999961853,0.1985565721988678
7,0.11552584916353226,0.2101057916879654
8,0.1027810275554657,0.228852316737175
