epoch,train_loss,val_loss
1,0.31512778997421265,0.2582215368747711
2,0.21160359680652618,0.19170543551445007
3,0.1806861311197281,0.18704667687416077
4,0.15971776843070984,0.18827441334724426
5,0.13972832262516022,0.20834647119045258
6,0.11990495771169662,0.22356443107128143
7,0.10116782784461975,0.24817129969596863
8,0.09423208981752396,0.22893090546131134
9,0.0735737755894661,0.26808035373687744
10,0.05705249682068825,0.3137362003326416
11,0.048311926424503326,0.3364986479282379
