epoch,train_loss,val_loss
1,0.29556792974472046,0.24761365354061127
2,0.20466318726539612,0.20030169188976288
3,0.18163950741291046,0.18958385288715363
4,0.1676059514284134,0.18412351608276367
5,0.15564388036727905,0.18044792115688324
6,0.14374381303787231,0.1867956519126892
7,0.1322113573551178,0.1875743269920349
8,0.12135361135005951,0.22025349736213684
9,0.11127588897943497,0.23998551070690155
10,0.1004953682422638,0.22908246517181396
