epoch,train_loss,val_loss
1,0.3371601998806,0.22598153352737427
2,0.23197124898433685,0.20588481426239014
3,0.19664716720581055,0.19442053139209747
4,0.17453107237815857,0.21022973954677582
5,0.15663772821426392,0.20737764239311218
6,0.1381702870130539,0.2019033282995224
7,0.12403923273086548,0.2036854773759842
8,0.10659513622522354,0.2309974581003189
9,0.09251362830400467,0.2440078854560852
10,0.07743372023105621,0.29960009455680847
11,0.06506608426570892,0.35351699590682983
