epoch,train_loss,val_loss
1,0.30624788999557495,0.2430436760187149
2,0.20917730033397675,0.20665718615055084
3,0.1850307136774063,0.18756714463233948
4,0.17028272151947021,0.18751879036426544
5,0.15888582170009613,0.1851911097764969
6,0.14856339991092682,0.18271784484386444
7,0.13868068158626556,0.17867504060268402
8,0.12755219638347626,0.19348874688148499
9,0.1177390068769455,0.20394518971443176
10,0.10871165990829468,0.20844882726669312
