epoch,train_loss,val_loss
1,0.32428836822509766,0.24224141240119934
2,0.217775359749794,0.20595327019691467
3,0.1904841810464859,0.20126332342624664
4,0.17718203365802765,0.19263145327568054
5,0.1587454229593277,0.18328912556171417
6,0.1394987255334854,0.19312527775764465
7,0.12543562054634094,0.22058852016925812
8,0.11188550293445587,0.22510889172554016
