epoch,train_loss,val_loss
1,0.32666775584220886,0.23117387294769287
2,0.22260116040706635,0.20609401166439056
3,0.19334688782691956,0.20857305824756622
4,0.17149752378463745,0.19556546211242676
5,0.15279385447502136,0.23069331049919128
6,0.13516765832901,0.23775126039981842
7,0.11733271181583405,0.2386954128742218
