epoch,train_loss,val_loss
1,0.3481209874153137,0.24962341785430908
2,0.22869569063186646,0.2080584317445755
3,0.19304244220256805,0.18719319999217987
4,0.1686532348394394,0.18958988785743713
5,0.14662998914718628,0.1964636594057083
6,0.1263131946325302,0.24541185796260834
7,0.10654393583536148,0.24938355386257172
8,0.08901792019605637,0.24917155504226685
