epoch,train_loss,val_loss
1,0.3598897457122803,0.7334708571434021
2,0.2444969266653061,0.6431552171707153
3,0.20749415457248688,0.20701442658901215
4,0.19098961353302002,0.27574706077575684
5,0.1768609881401062,0.21954810619354248
6,0.1658254861831665,0.23369738459587097
