epoch,train_loss,val_loss
1,0.32351577281951904,0.2415369153022766
2,0.22356431186199188,0.20128656923770905
3,0.19180336594581604,0.1880742907524109
4,0.16981056332588196,0.2185620218515396
5,0.14684417843818665,0.2056015580892563
6,0.12321536242961884,0.2078353315591812
7,0.10500369220972061,0.2334226369857788
8,0.08888754993677139,0.25690633058547974
9,0.07147546112537384,0.32486987113952637
