epoch,train_loss,val_loss
1,0.3317016065120697,0.2660897970199585
2,0.22648057341575623,0.19384287297725677
3,0.19660165905952454,0.18026870489120483
4,0.17336691915988922,0.18633559346199036
5,0.15333350002765656,0.19819296896457672
6,0.13549205660820007,0.2162380814552307
