epoch,train_loss,val_loss
1,0.6941852569580078,0.6931120157241821
2,0.6932817697525024,0.693105161190033
3,0.6932219862937927,0.6931323409080505
