epoch,train_loss,val_loss
1,0.3180730938911438,0.23876608908176422
2,0.22026534378528595,0.2010159194469452
3,0.1923687905073166,0.22148925065994263
