epoch,train_loss,val_loss
1,0.323105126619339,0.23057042062282562
2,0.21875879168510437,0.1929316222667694
3,0.18749308586120605,0.19416826963424683
4,0.16577649116516113,0.20132943987846375
5,0.1457192599773407,0.18821834027767181
6,0.12755297124385834,0.21471576392650604
7,0.10916305333375931,0.24198448657989502
8,0.09303873777389526,0.25973227620124817
