epoch,train_loss,val_loss
1,0.32087793946266174,0.2397966980934143
2,0.22015494108200073,0.20831774175167084
3,0.18928606808185577,0.1906501203775406
4,0.1713729053735733,0.19463799893856049
5,0.1526528298854828,0.1896473914384842
6,0.1327940821647644,0.20766818523406982
7,0.11377663910388947,0.2248774915933609
8,0.09564393013715744,0.28604915738105774
9,0.08266930282115936,0.26801416277885437
10,0.07009058445692062,0.29582610726356506
