epoch,train_loss,val_loss
1,0.40527334809303284,0.4088883101940155
2,0.3517071306705475,0.3332386612892151
3,0.3318753242492676,0.33193206787109375
4,0.3185807466506958,0.3177100718021393
5,0.3072650134563446,0.3234907388687134
6,0.2995411157608032,0.32184091210365295
7,0.2891986668109894,0.3086133599281311
8,0.27874502539634705,0.34062981605529785
9,0.27200546860694885,0.3468327224254608
10,0.2682086229324341,0.33497339487075806
