epoch,train_loss,val_loss
1,0.31597769260406494,0.23108318448066711
2,0.21980084478855133,0.33002370595932007
3,0.18925394117832184,0.21022950112819672
4,0.16774849593639374,0.20531222224235535
5,0.1472748965024948,0.19990085065364838
6,0.12428252398967743,0.2210325300693512
7,0.10519417375326157,0.2263065129518509
8,0.08724918961524963,0.25163769721984863
9,0.07570454478263855,0.3067832291126251
10,0.05922260507941246,0.351673424243927
