epoch,train_loss,val_loss
1,0.3811957836151123,0.2698821723461151
2,0.25722962617874146,0.2413235306739807
3,0.21605372428894043,0.2153494954109192
4,0.1963454782962799,0.20008446276187897
5,0.18138059973716736,0.1980784684419632
6,0.17107386887073517,0.19929206371307373
7,0.15890812873840332,0.20950710773468018
8,0.14966726303100586,0.2056455761194229
9,0.1417161375284195,0.2244589626789093
10,0.13375096023082733,0.21825896203517914
11,0.12456387281417847,0.23751318454742432
