epoch,train_loss,val_loss
1,0.28096917271614075,0.21862651407718658
2,0.20676635205745697,0.19382807612419128
3,0.18320007622241974,0.18466027081012726
4,0.16711275279521942,0.1855420619249344
5,0.1513541340827942,0.19041383266448975
6,0.13431794941425323,0.2027973085641861
7,0.11714652180671692,0.21848875284194946
