epoch,train_loss,val_loss
1,0.4248313307762146,0.5441167950630188
2,0.36727261543273926,0.35813772678375244
3,0.3425654172897339,0.33212071657180786
4,0.3259206712245941,0.337853342294693
5,0.3152236044406891,0.3390312194824219
6,0.3045198917388916,0.3333394229412079
7,0.29686033725738525,0.3469286561012268
8,0.2822306454181671,0.33672434091567993
9,0.27818480134010315,0.4340056777000427
10,0.26803985238075256,0.3399672210216522
11,0.2535269856452942,0.3551790714263916
