epoch,train_loss,val_loss
1,0.41201210021972656,0.4323505461215973
2,0.3323987126350403,0.3531895875930786
3,0.31148630380630493,0.30441537499427795
4,0.2983071208000183,0.3480938673019409
5,0.2899864614009857,0.2858698070049286
6,0.27714642882347107,0.2815517485141754
7,0.28847599029541016,0.33671942353248596
8,0.30329927802085876,0.3686561584472656
9,0.2903374135494232,0.3108401894569397
