epoch,train_loss,val_loss
1,0.3319809138774872,0.23843665421009064
2,0.22840499877929688,0.20522648096084595
3,0.20026348531246185,0.19966372847557068
