epoch,train_loss,val_loss
1,0.28836700320243835,0.2236708551645279
2,0.20311954617500305,0.18643000721931458
3,0.17878930270671844,0.1869385838508606
4,0.16236014664173126,0.18508541584014893
5,0.14892040193080902,0.18340599536895752
6,0.13595616817474365,0.19291281700134277
7,0.1237625703215599,0.2036692053079605
8,0.11267033219337463,0.2032679170370102
