epoch,train_loss,val_loss
1,0.34560027718544006,0.23642513155937195
2,0.2227383702993393,0.20303881168365479
3,0.19674193859100342,0.19422784447669983
4,0.1762576848268509,0.19296151399612427
5,0.16104525327682495,0.1866995394229889
6,0.14803488552570343,0.20372650027275085
7,0.13543601334095,0.1966596394777298
8,0.12139707803726196,0.2041449099779129
9,0.1101209744811058,0.2127131074666977
10,0.09572084248065948,0.24605712294578552
