epoch,train_loss,val_loss
1,0.3209514319896698,0.2335270792245865
2,0.22214888036251068,0.1974988579750061
3,0.1902465969324112,0.18679165840148926
4,0.17052718997001648,0.18386727571487427
5,0.15419697761535645,0.19079871475696564
6,0.13675718009471893,0.19970832765102386
7,0.1168636679649353,0.21152350306510925
