epoch,train_loss,val_loss
1,0.694013774394989,0.6944292783737183
2,0.6933140158653259,0.693805456161499
3,0.6930307745933533,0.6936510801315308
