epoch,train_loss,val_loss
1,0.3096269965171814,0.23504143953323364
2,0.21131925284862518,0.1876283437013626
3,0.1848473846912384,0.1856117844581604
4,0.16574877500534058,0.1885843575000763
5,0.14899404346942902,0.18475407361984253
6,0.13155581057071686,0.20367904007434845
7,0.11570528894662857,0.2222876399755478
8,0.10240525752305984,0.2160809189081192
