epoch,train_loss,val_loss
1,0.32112058997154236,0.23800615966320038
2,0.21170465648174286,0.18730011582374573
3,0.1834355741739273,0.18097010254859924
4,0.16604098677635193,0.19366151094436646
5,0.15192142128944397,0.20232819020748138
6,0.13850416243076324,0.21193183958530426
