epoch,train_loss,val_loss
1,0.3463278114795685,0.24777577817440033
2,0.2237175852060318,0.20548905432224274
3,0.1939772367477417,0.1998870074748993
4,0.17298388481140137,0.19743971526622772
5,0.15640568733215332,0.20139040052890778
6,0.1402239203453064,0.20691747963428497
7,0.12376441061496735,0.22816534340381622
8,0.1076459139585495,0.2063969522714615
9,0.09285789728164673,0.24279461801052094
10,0.08069951087236404,0.24649733304977417
11,0.06688783317804337,0.2989918887615204
