epoch,train_loss,val_loss
1,0.3169122636318207,0.22819873690605164
2,0.22238613665103912,0.20107737183570862
3,0.19381894171237946,0.19415296614170074
