epoch,train_loss,val_loss
1,0.3061954975128174,0.213436096906662
2,0.21167059242725372,0.18867765367031097
3,0.18526914715766907,0.18655164539813995
4,0.16554109752178192,0.18828195333480835
5,0.1459202766418457,0.19260157644748688
6,0.126397967338562,0.20262177288532257
7,0.11052358150482178,0.21782514452934265
8,0.09469913691282272,0.25028514862060547
9,0.07793442159891129,0.27386364340782166
