epoch,train_loss,val_loss
1,0.40566712617874146,0.3524830639362335
2,0.3254038393497467,0.2930820882320404
3,0.27199864387512207,0.24099180102348328
4,0.29199254512786865,0.31942906975746155
5,0.3084769546985626,0.32961153984069824
6,0.3036774694919586,0.3227495849132538
