epoch,train_loss,val_loss
1,0.32577964663505554,0.2190585434436798
2,0.21703384816646576,0.19531551003456116
3,0.18511278927326202,0.1866762638092041
4,0.1651872992515564,0.19223469495773315
5,0.14733384549617767,0.20306043326854706
6,0.1318788379430771,0.20914076268672943
7,0.116595558822155,0.23242069780826569
8,0.10276073962450027,0.24664174020290375
9,0.08809805661439896,0.26754575967788696
