epoch,train_loss,val_loss
1,0.32161831855773926,0.22679725289344788
2,0.21687649190425873,0.20084671676158905
3,0.18512991070747375,0.19890625774860382
4,0.16336384415626526,0.18811501562595367
5,0.14348433911800385,0.19115221500396729
6,0.12318484485149384,0.20780231058597565
7,0.1016911119222641,0.2620880603790283
