epoch,train_loss,val_loss
1,0.3301391303539276,0.24282385408878326
2,0.2268320918083191,0.20139126479625702
3,0.1955306977033615,0.19344942271709442
