epoch,train_loss,val_loss
1,0.2833072543144226,0.23702853918075562
2,0.21348069608211517,0.20371516048908234
3,0.18860690295696259,0.19648216664791107
