epoch,train_loss,val_loss
1,0.27583545446395874,0.21802297234535217
2,0.20334689319133759,0.20659488439559937
3,0.18239791691303253,0.19205106794834137
4,0.16843277215957642,0.18575464189052582
5,0.1559823602437973,0.19136878848075867
6,0.14347125589847565,0.1979651153087616
7,0.1313781887292862,0.2107202559709549
