epoch,train_loss,val_loss
1,0.32616421580314636,0.23384656012058258
2,0.22182154655456543,0.19982022047042847
3,0.1972196400165558,0.19992303848266602
4,0.17461802065372467,0.18969812989234924
5,0.1606663018465042,0.18082019686698914
6,0.1462538093328476,0.19256405532360077
7,0.13162994384765625,0.235599547624588
8,0.1191292479634285,0.21637846529483795
