epoch,train_loss,val_loss
1,0.3511143922805786,0.2670342028141022
2,0.23747584223747253,0.2127862274646759
3,0.20029301941394806,0.19304074347019196
4,0.18216781318187714,0.2624712884426117
5,0.18026259541511536,0.19337165355682373
6,0.1526714712381363,0.20024271309375763
7,0.13741916418075562,0.234571635723114
8,0.11867696791887283,0.21882465481758118
