epoch,train_loss,val_loss
1,0.34268683195114136,0.24110294878482819
2,0.22754594683647156,0.201278954744339
3,0.19532881677150726,0.1861763745546341
4,0.17644348740577698,0.17983736097812653
5,0.15785056352615356,0.22990567982196808
6,0.13902460038661957,0.1967500001192093
7,0.12276569753885269,0.20361800491809845
