epoch,train_loss,val_loss
1,0.344710111618042,0.27146992087364197
2,0.22611775994300842,0.19820085167884827
3,0.19605669379234314,0.19880466163158417
4,0.17882667481899261,0.1884303092956543
5,0.1685117781162262,0.19190102815628052
6,0.1541837751865387,0.1927737295627594
7,0.1442178636789322,0.1940765678882599
