epoch,train_loss,val_loss
1,0.2875943183898926,0.2324700951576233
2,0.21366994082927704,0.20832130312919617
3,0.18936596810817719,0.20561137795448303
