epoch,train_loss,val_loss
1,0.31252729892730713,0.21449418365955353
2,0.21368831396102905,0.19571445882320404
3,0.1889847218990326,0.19774603843688965
4,0.1714661866426468,0.18809810280799866
5,0.1578885167837143,0.18060171604156494
6,0.1450532227754593,0.19572651386260986
7,0.1328793317079544,0.2049361616373062
8,0.12251487374305725,0.2003466784954071
