epoch,train_loss,val_loss
1,0.332309365272522,0.2566051781177521
2,0.23022232949733734,0.2008635401725769
3,0.19675017893314362,0.198356494307518
4,0.17467837035655975,0.18875792622566223
5,0.1536831557750702,0.20397278666496277
6,0.13371124863624573,0.22294336557388306
7,0.11491861939430237,0.21905125677585602
