epoch,train_loss,val_loss
1,0.316364586353302,0.2525993287563324
2,0.2194966971874237,0.19614502787590027
3,0.18791359663009644,0.18437333405017853
4,0.16942209005355835,0.1879529505968094
5,0.15314652025699615,0.18560512363910675
6,0.14133092761039734,0.19054852426052094
7,0.12512123584747314,0.2195287048816681
8,0.10476028174161911,0.21697311103343964
9,0.08802840858697891,0.2389046847820282
