epoch,train_loss,val_loss
1,0.31800538301467896,0.22432133555412292
2,0.21015296876430511,0.19076764583587646
3,0.1801195740699768,0.19097042083740234
4,0.1618265062570572,0.1876446157693863
5,0.14519838988780975,0.1832035779953003
6,0.1284739375114441,0.20888735353946686
7,0.11355864256620407,0.23328976333141327
8,0.0985945463180542,0.25332561135292053
