epoch,train_loss,val_loss
1,0.41839659214019775,0.6961233615875244
2,0.35753175616264343,0.33976250886917114
3,0.33616670966148376,0.3284594714641571
4,0.32209512591362,0.36184173822402954
5,0.3108062446117401,0.3295360207557678
6,0.30063194036483765,0.348520427942276
7,0.2915642559528351,0.347275048494339
8,0.2821600139141083,0.3586558699607849
9,0.2693207561969757,0.5293950438499451
10,0.26176172494888306,0.3787398338317871
11,0.25565752387046814,0.34420132637023926
