epoch,train_loss,val_loss
1,0.28130415081977844,0.21930521726608276
2,0.20488619804382324,0.19580449163913727
3,0.1805313676595688,0.18739905953407288
4,0.16481426358222961,0.18578265607357025
5,0.1501733660697937,0.18994580209255219
6,0.13460958003997803,0.19960519671440125
7,0.11985228955745697,0.21173250675201416
8,0.10679486393928528,0.2375122308731079
9,0.09538216143846512,0.23877717554569244
