epoch,train_loss,val_loss
1,0.383559912443161,0.45766696333885193
2,0.33574309945106506,6.802354335784912
3,0.3200906217098236,0.607022225856781
4,0.3089050054550171,17.406816482543945
