epoch,train_loss,val_loss
1,0.6946796178817749,0.6949825286865234
2,0.6933602094650269,0.6939295530319214
3,0.6930077075958252,0.6937724351882935
