epoch,train_loss,val_loss
1,0.6941845417022705,0.6930732131004333
2,0.6932956576347351,0.6930845975875854
3,0.6929985880851746,0.6930482387542725
