epoch,train_loss,val_loss
1,0.3334865868091583,0.22073723375797272
2,0.22268542647361755,0.19524091482162476
3,0.19025292992591858,0.19333741068840027
4,0.1657000184059143,0.1898176521062851
5,0.14196382462978363,0.2616584300994873
6,0.11955726146697998,0.2226673662662506
7,0.09674760699272156,0.24757710099220276
8,0.07973256707191467,0.29535672068595886
9,0.06406399607658386,0.276108980178833
