epoch,train_loss,val_loss
1,0.2903023660182953,0.22117510437965393
2,0.2089761644601822,0.1900467574596405
3,0.18308034539222717,0.18680782616138458
4,0.16790223121643066,0.178425595164299
5,0.15389616787433624,0.18154321610927582
6,0.13895459473133087,0.18863362073898315
7,0.12389638274908066,0.1982373744249344
