epoch,train_loss,val_loss
1,0.3399762809276581,0.3026423156261444
2,0.22029182314872742,0.20360484719276428
3,0.1903086155653,0.19564257562160492
4,0.17237311601638794,0.18459171056747437
5,0.15857072174549103,0.18424910306930542
6,0.14578470587730408,0.18572483956813812
7,0.1336824595928192,0.19633783400058746
8,0.12198109924793243,0.2138824760913849
9,0.11416678875684738,0.2213156819343567
