epoch,train_loss,val_loss
1,0.3462548553943634,0.2397211194038391
2,0.22973059117794037,0.20467692613601685
3,0.19492796063423157,0.1972314417362213
4,0.17713961005210876,0.1858808398246765
5,0.15676012635231018,0.19235804677009583
6,0.13703981041908264,0.210132896900177
7,0.11869169771671295,0.22260361909866333
