epoch,train_loss,val_loss
1,0.36087092757225037,0.2513236999511719
2,0.2360677272081375,0.19809556007385254
3,0.1995159238576889,0.19015486538410187
4,0.17829300463199615,0.19512653350830078
5,0.16184832155704498,0.1922033578157425
6,0.14537885785102844,0.21422608196735382
7,0.12877050042152405,0.21749933063983917
8,0.10924246162176132,0.2225835770368576
9,0.09133795648813248,0.25810718536376953
10,0.07813888788223267,0.29688429832458496
11,0.06521547585725784,0.3324119746685028
