epoch,train_loss,val_loss
1,0.3380635678768158,0.234299436211586
2,0.22598598897457123,0.215608149766922
3,0.19662627577781677,0.18783725798130035
4,0.17780417203903198,0.19613876938819885
5,0.16323333978652954,0.20238786935806274
6,0.1478034108877182,0.21376961469650269
7,0.13168653845787048,0.21719922125339508
8,0.1154382973909378,0.21842898428440094
9,0.099280945956707,0.2819204330444336
10,0.08430149406194687,0.2951290011405945
11,0.07109803706407547,0.3099597990512848
