epoch,train_loss,val_loss
1,0.29411062598228455,0.23055407404899597
2,0.21933186054229736,0.21161672472953796
3,0.19319845736026764,0.2261086106300354
4,0.17535924911499023,0.20763804018497467
5,0.15787240862846375,0.207877054810524
6,0.14053300023078918,0.22537416219711304
7,0.12289679795503616,0.2438066154718399
8,0.10598809272050858,0.33116087317466736
