epoch,train_loss,val_loss
1,0.3348017632961273,0.21822915971279144
2,0.22199559211730957,0.21038512885570526
3,0.18876469135284424,0.18809626996517181
4,0.16528771817684174,0.20307670533657074
5,0.14590950310230255,3.169610023498535
6,0.12676464021205902,0.2359939068555832
