epoch,train_loss,val_loss
1,0.353365421295166,0.309516966342926
2,0.22823727130889893,0.20140720903873444
3,0.19790497422218323,0.19917120039463043
4,0.1792173832654953,0.19606831669807434
5,0.16353464126586914,0.19618691504001617
6,0.1485002189874649,0.20217569172382355
7,0.13439391553401947,0.22025644779205322
8,0.12396572530269623,0.2168334275484085
9,0.10730011761188507,0.2291126847267151
10,0.09409347921609879,0.25806981325149536
11,0.08240218460559845,0.30140987038612366
