epoch,train_loss,val_loss
1,0.3128688931465149,0.23817135393619537
2,0.21986903250217438,0.2055680900812149
3,0.19249354302883148,0.18742318451404572
4,0.17344951629638672,0.18554075062274933
5,0.15696419775485992,0.1876034140586853
6,0.14249448478221893,0.20743319392204285
7,0.13372111320495605,0.2044461965560913
