epoch,train_loss,val_loss
1,0.6943256258964539,0.6932953000068665
2,0.6933107972145081,0.6930609941482544
3,0.693008542060852,0.693069577217102
