epoch,train_loss,val_loss
1,0.3445766866207123,0.2314048707485199
2,0.23174941539764404,0.20733316242694855
3,0.19933250546455383,0.19672422111034393
