epoch,train_loss,val_loss
1,0.36490416526794434,0.2593454122543335
2,0.2382126897573471,0.20913496613502502
3,0.20429253578186035,0.19613848626613617
4,0.1812753826379776,0.1966298222541809
5,0.16274134814739227,0.20384341478347778
6,0.14490480720996857,0.20537196099758148
7,0.1261281669139862,0.19802747666835785
8,0.10690059512853622,0.222272589802742
9,0.09466876834630966,0.23748688399791718
10,0.07819084078073502,0.2548823058605194
