epoch,train_loss,val_loss
1,0.36328721046447754,0.23946252465248108
2,0.23822332918643951,0.218924418091774
3,0.21839934587478638,0.2326749861240387
4,0.1935737431049347,0.19010351598262787
5,0.1746039241552353,0.19198764860630035
6,0.16656118631362915,0.1951645016670227
7,0.14910529553890228,0.19323712587356567
8,0.13717512786388397,0.20634114742279053
9,0.12893891334533691,0.20915193855762482
10,0.11390234529972076,0.23069219291210175
