epoch,train_loss,val_loss
1,0.3159722685813904,0.2417026311159134
2,0.21849651634693146,0.19986794888973236
3,0.19044208526611328,0.1936720460653305
