epoch,train_loss,val_loss
1,0.31636929512023926,0.2237277626991272
2,0.2100508213043213,0.19768133759498596
3,0.182289257645607,0.18796618282794952
4,0.16556771099567413,0.18748432397842407
5,0.15129345655441284,0.19851800799369812
6,0.13701342046260834,0.20587870478630066
7,0.12277407944202423,0.21399889886379242
