epoch,train_loss,val_loss
1,0.3437177836894989,0.2495623081922531
2,0.2327853888273239,0.20631037652492523
3,0.19893541932106018,0.193394735455513
4,0.18473471701145172,0.19884108006954193
5,0.16833819448947906,0.18839557468891144
6,0.1527356058359146,0.18922649323940277
7,0.13905011117458344,0.20792169868946075
8,0.1226486787199974,0.2070385366678238
9,0.10630779713392258,0.2200269252061844
10,0.08961500972509384,0.23554621636867523
11,0.07508298009634018,0.26918110251426697
