epoch,train_loss,val_loss
1,0.28708404302597046,0.24050405621528625
2,0.2095891386270523,0.22800026834011078
3,0.18550018966197968,0.19131338596343994
4,0.16957128047943115,0.19801107048988342
5,0.15459588170051575,0.19157375395298004
6,0.13939864933490753,0.21323786675930023
7,0.1249820664525032,0.42403894662857056
8,0.1116839274764061,0.22337962687015533
