epoch,train_loss,val_loss
1,0.27745890617370605,0.2147706151008606
2,0.20789209008216858,0.19819295406341553
3,0.18413269519805908,0.1902272254228592
4,0.16781102120876312,0.18175549805164337
5,0.1518239974975586,0.18555502593517303
6,0.1342819482088089,0.19933605194091797
7,0.11700156331062317,0.22437021136283875
8,0.10122892260551453,0.25487980246543884
