epoch,train_loss,val_loss
1,0.290447473526001,0.23244519531726837
2,0.20724450051784515,0.19686706364154816
3,0.18220174312591553,0.18443328142166138
4,0.16667598485946655,0.1844474822282791
5,0.152989000082016,0.18325690925121307
6,0.1398666650056839,0.17940396070480347
7,0.1285579353570938,0.2082892805337906
8,0.11732461303472519,0.20980793237686157
9,0.1071610376238823,0.22641924023628235
