epoch,train_loss,val_loss
1,0.3751639723777771,0.26221996545791626
2,0.24743147194385529,0.2302333116531372
3,0.21138127148151398,0.230634406208992
4,0.19415926933288574,0.23204845190048218
5,0.17581792175769806,0.2122664749622345
6,0.1641613394021988,0.25513777136802673
7,0.15287481248378754,0.2064799815416336
8,0.14028975367546082,0.23349657654762268
9,0.12930771708488464,0.23563554883003235
10,0.1183028295636177,0.2271595150232315
