epoch,train_loss,val_loss
1,0.6941115260124207,0.6939978003501892
2,0.6933225393295288,0.6936008930206299
3,0.6930415630340576,0.6935728788375854
