epoch,train_loss,val_loss
1,0.3351934552192688,0.2688732147216797
2,0.21884240210056305,0.20658670365810394
3,0.19257327914237976,0.19928929209709167
4,0.17783771455287933,0.20220594108104706
5,0.16690202057361603,0.18948154151439667
6,0.15654928982257843,0.19488759338855743
7,0.14711476862430573,0.19458621740341187
8,0.13685034215450287,0.19677110016345978
9,0.12560556828975677,0.19898562133312225
10,0.11467175930738449,0.21248634159564972
