epoch,train_loss,val_loss
1,0.6944094300270081,0.6937379240989685
2,0.6933255195617676,0.6934049129486084
3,0.6929524540901184,0.6935548186302185
