epoch,train_loss,val_loss
1,0.36898666620254517,0.2585131824016571
2,0.2411583811044693,0.2518974244594574
3,0.20939695835113525,0.2392163723707199
4,0.19207902252674103,0.19159717857837677
5,0.18153353035449982,0.18635740876197815
6,0.1679498255252838,0.19102497398853302
7,0.15969164669513702,0.21435081958770752
8,0.1486959606409073,0.18396930396556854
9,0.1398032158613205,0.1969270557165146
10,0.1300782859325409,0.2177770435810089
11,0.12141100317239761,0.19854913651943207
