epoch,train_loss,val_loss
1,0.3301059603691101,0.26016589999198914
2,0.21881839632987976,0.2147163301706314
3,0.191874697804451,0.19079110026359558
4,0.1778070628643036,0.1842365711927414
5,0.16726742684841156,0.18234562873840332
6,0.15812095999717712,0.1792508363723755
7,0.14921598136425018,0.18004536628723145
8,0.13855980336666107,0.1845298409461975
9,0.1279885619878769,0.19689586758613586
10,0.116884745657444,0.2090592235326767
11,0.1055593341588974,0.21437712013721466
