epoch,train_loss,val_loss
1,0.3559876084327698,0.5505789518356323
2,0.267795592546463,0.7935188412666321
3,0.32260361313819885,0.3453117311000824
4,0.3112712502479553,0.3600623607635498
5,0.30077582597732544,0.32357341051101685
6,0.2942435145378113,214.11260986328125
7,0.2845090329647064,11.311882972717285
8,0.2766866981983185,1.1490154266357422
