epoch,train_loss,val_loss
1,0.33257606625556946,0.2687166929244995
2,0.22218982875347137,0.20207244157791138
3,0.19239571690559387,0.19459117949008942
4,0.17461813986301422,0.18802064657211304
5,0.15831680595874786,0.18802736699581146
6,0.1405382603406906,0.18954205513000488
7,0.1241973415017128,0.19575531780719757
8,0.10560116916894913,0.22313964366912842
