epoch,train_loss,val_loss
1,0.2808469235897064,0.20929910242557526
2,0.20749057829380035,0.19660986959934235
3,0.1835097372531891,0.1855645775794983
4,0.16668051481246948,0.18583714962005615
5,0.15157319605350494,0.18699683248996735
6,0.13694916665554047,0.19745588302612305
7,0.12182098627090454,0.20819614827632904
8,0.1087808609008789,0.21940940618515015
9,0.09689375758171082,0.22821977734565735
10,0.08700083196163177,0.27177801728248596
