epoch,train_loss,val_loss
1,0.33492931723594666,0.2803025245666504
2,0.2242300808429718,0.20744235813617706
3,0.1923646330833435,0.1889207661151886
4,0.17377346754074097,0.1923622190952301
5,0.1598432958126068,0.1882709264755249
6,0.1465018391609192,0.18997354805469513
7,0.13380105793476105,0.1916881650686264
8,0.11967401206493378,0.19203701615333557
9,0.10570236295461655,0.20761078596115112
10,0.09219855815172195,0.23142030835151672
