epoch,train_loss,val_loss
1,0.3261626660823822,0.244294211268425
2,0.2168409675359726,0.19305378198623657
3,0.1865270435810089,0.19188010692596436
4,0.16709977388381958,0.18478403985500336
5,0.1492859423160553,0.19457130134105682
6,0.1304260641336441,0.22446022927761078
7,0.11457446217536926,0.2360045611858368
8,0.0992719829082489,0.28142234683036804
