epoch,train_loss,val_loss
1,0.32016974687576294,0.22700734436511993
2,0.21624478697776794,0.19603417813777924
3,0.18598699569702148,0.19004705548286438
4,0.16900816559791565,0.18191921710968018
5,0.15568801760673523,0.18630340695381165
6,0.14272074401378632,0.19860537350177765
7,0.12736856937408447,0.198407843708992
8,0.11294545233249664,0.20875805616378784
9,0.10035928338766098,0.22187164425849915
10,0.08484526723623276,0.2309665083885193
