epoch,train_loss,val_loss
1,0.31239965558052063,0.24214091897010803
2,0.2078411877155304,0.19113579392433167
3,0.18358153104782104,0.18528540432453156
4,0.16879881918430328,0.18589620292186737
5,0.15713147819042206,0.20229732990264893
6,0.14587604999542236,0.19870319962501526
7,0.135701984167099,0.2029121071100235
