epoch,train_loss,val_loss
1,0.3667530119419098,0.37841546535491943
2,0.24777665734291077,0.25393444299697876
3,0.21493405103683472,0.227561354637146
4,0.19505809247493744,0.22830988466739655
5,0.1814129501581192,0.20464712381362915
6,0.1699845939874649,0.20088213682174683
7,0.1602131575345993,0.19888776540756226
8,0.15109501779079437,0.20272193849086761
9,0.14150825142860413,0.2085496187210083
10,0.13371479511260986,0.22838304936885834
11,0.1240413561463356,0.2106216698884964
