epoch,train_loss,val_loss
1,0.3452689051628113,0.2705673575401306
2,0.22522500157356262,0.21057313680648804
3,0.19518209993839264,0.18994095921516418
4,0.1747412234544754,0.1857043355703354
5,0.15870735049247742,0.18018245697021484
6,0.1458837389945984,0.18581898510456085
7,0.13410425186157227,0.19396167993545532
8,0.12161918729543686,0.21496324241161346
9,0.11128892004489899,0.2078322321176529
