epoch,train_loss,val_loss
1,0.4550319015979767,0.45862266421318054
2,0.3395960032939911,0.2969394624233246
3,0.2815607488155365,0.27385592460632324
4,0.248506560921669,0.2623707354068756
5,0.22692711651325226,0.26432108879089355
6,0.21079067885875702,0.332384318113327
7,0.19616621732711792,0.24186281859874725
8,0.18370866775512695,0.24346992373466492
9,0.16969572007656097,0.3295642137527466
10,0.15914683043956757,0.3708260655403137
11,0.15550336241722107,0.3915564715862274
