epoch,train_loss,val_loss
1,0.2823539674282074,0.21793940663337708
2,0.20573148131370544,0.19219549000263214
3,0.18052954971790314,0.18792903423309326
4,0.1638862043619156,0.19549216330051422
5,0.14902354776859283,0.198334202170372
6,0.1352769136428833,0.2129712700843811
