epoch,train_loss,val_loss
1,0.3321264982223511,0.2605676054954529
2,0.22364836931228638,0.20177319645881653
3,0.19347679615020752,0.1857307255268097
4,0.17572103440761566,0.20466189086437225
5,0.1619354784488678,0.19669610261917114
6,0.14891856908798218,0.20336610078811646
