epoch,train_loss,val_loss
1,0.37417179346084595,0.30319201946258545
2,0.243251770734787,0.23194453120231628
3,0.21123389899730682,0.23973707854747772
4,0.19252242147922516,0.21295490860939026
5,0.17864207923412323,0.19490937888622284
6,0.16706541180610657,0.1944536566734314
7,0.16356322169303894,0.21877692639827728
8,0.15379798412322998,0.1859932243824005
9,0.14566197991371155,0.1872960925102234
10,0.1361331194639206,0.1959301084280014
11,0.13020965456962585,0.1922372430562973
