epoch,train_loss,val_loss
1,0.3253622055053711,0.21998831629753113
2,0.21858622133731842,0.18927331268787384
3,0.18715251982212067,0.18189649283885956
4,0.16561134159564972,0.2598423957824707
5,0.14645959436893463,0.20223161578178406
6,0.12541893124580383,0.2360355406999588
