epoch,train_loss,val_loss
1,0.2834453284740448,0.2372884303331375
2,0.2065373808145523,0.2089078724384308
3,0.18381261825561523,0.1913236379623413
4,0.17031219601631165,0.1856054961681366
5,0.15821108222007751,0.18840506672859192
6,0.1448875069618225,0.19274921715259552
7,0.1305079162120819,0.19473248720169067
8,0.11635694652795792,0.21603898704051971
9,0.10352730005979538,0.21683427691459656
10,0.09023969620466232,0.25835007429122925
