epoch,train_loss,val_loss
1,0.42073261737823486,0.355675607919693
2,0.350426584482193,0.3425648808479309
3,0.33625105023384094,0.33787140250205994
4,0.32173216342926025,0.3885543942451477
5,0.31761881709098816,0.32231637835502625
6,0.30273309350013733,0.3401186764240265
7,0.2926209568977356,0.34057822823524475
8,0.28343331813812256,0.3316831588745117
