epoch,train_loss,val_loss
1,0.29475656151771545,0.2209281325340271
2,0.21091952919960022,0.20285707712173462
3,0.1878204643726349,0.19166035950183868
4,0.174352765083313,0.19172735512256622
5,0.16322709619998932,0.1993943601846695
6,0.1525522619485855,0.19069033861160278
7,0.14113737642765045,0.19156122207641602
8,0.12875571846961975,0.19379158318042755
9,0.11735820770263672,0.20572860538959503
10,0.10637941211462021,0.22491581737995148
11,0.09623634070158005,0.23649993538856506
