epoch,train_loss,val_loss
1,0.34958571195602417,0.2331121265888214
2,0.22742128372192383,0.20660381019115448
3,0.1934475153684616,0.19996514916419983
4,0.1721438467502594,0.20341594517230988
5,0.15714295208454132,0.2286514937877655
6,0.13782605528831482,0.23098066449165344
