epoch,train_loss,val_loss
1,0.3713880479335785,0.28089430928230286
2,0.2477702796459198,0.22789141535758972
3,0.20892392098903656,0.2070399522781372
4,0.1894107460975647,0.21117016673088074
5,0.1757788211107254,0.21070148050785065
6,0.1632579267024994,0.19003993272781372
7,0.15149255096912384,0.1992671936750412
8,0.13807624578475952,0.20837979018688202
9,0.12555061280727386,0.2352576106786728
