epoch,train_loss,val_loss
1,0.349880576133728,0.27680879831314087
2,0.22674523293972015,0.26485830545425415
3,0.2038978934288025,0.20437969267368317
4,0.18610838055610657,0.20538605749607086
5,0.17518870532512665,0.19850488007068634
6,0.16544534265995026,0.1893189251422882
7,0.1556909680366516,0.1945202648639679
8,0.14682187139987946,0.19862481951713562
9,0.13742882013320923,0.21663321554660797
