epoch,train_loss,val_loss
1,0.3424646258354187,0.2702031135559082
2,0.23070338368415833,0.21655328571796417
3,0.19808395206928253,0.19117918610572815
4,0.17850303649902344,0.18973250687122345
5,0.16040648519992828,0.18337374925613403
6,0.14383631944656372,0.18869824707508087
7,0.12703756988048553,0.20390577614307404
8,0.11085471510887146,0.21308496594429016
