epoch,train_loss,val_loss
1,0.3519258201122284,0.3178100287914276
2,0.22985562682151794,0.23270481824874878
3,0.1967514157295227,0.20695748925209045
4,0.1803000569343567,0.19999955594539642
5,0.17029814422130585,0.18993701040744781
6,0.1603853702545166,0.18930083513259888
7,0.15086473524570465,0.1930898278951645
8,0.140442356467247,0.20381306111812592
9,0.1336815059185028,0.19484995305538177
