epoch,train_loss,val_loss
1,0.353279709815979,0.2782926857471466
2,0.2327902764081955,0.22851860523223877
3,0.2008936107158661,0.20898433029651642
4,0.18217100203037262,0.245390847325325
5,0.16728845238685608,0.19144095480442047
6,0.1537735015153885,0.199751079082489
7,0.14011286199092865,0.20791329443454742
8,0.12641263008117676,0.22629106044769287
