epoch,train_loss,val_loss
1,0.3359627425670624,0.23637543618679047
2,0.22702479362487793,0.20093540847301483
3,0.19708450138568878,0.18474313616752625
4,0.17954471707344055,0.1908966451883316
5,0.16511891782283783,0.19207163155078888
6,0.15283170342445374,0.1914159655570984
