epoch,train_loss,val_loss
1,0.2815870940685272,0.22220203280448914
2,0.20430290699005127,0.22147169709205627
3,0.1816256195306778,0.20557543635368347
4,0.1674933135509491,0.2052975744009018
5,0.15510967373847961,0.2071051150560379
6,0.1427607536315918,0.2122303545475006
7,0.13184474408626556,0.21927598118782043
