epoch,train_loss,val_loss
1,0.3811219036579132,0.29890236258506775
2,0.2716273069381714,0.2833494246006012
3,0.22954705357551575,0.21632052958011627
4,0.2040247917175293,0.21190950274467468
5,0.18965111672878265,0.196872740983963
6,0.17861032485961914,0.20977646112442017
7,0.16678421199321747,0.19976508617401123
8,0.15381409227848053,0.19649189710617065
9,0.14118808507919312,0.20183871686458588
10,0.12890715897083282,0.21504457294940948
11,0.11405237764120102,0.23226994276046753
