epoch,train_loss,val_loss
1,0.36632609367370605,0.3503817915916443
2,0.2611764669418335,0.22060233354568481
3,0.21902835369110107,0.2033928483724594
4,0.19879670441150665,0.20300224423408508
5,0.18775512278079987,0.19746175408363342
6,0.17773784697055817,0.19300338625907898
7,0.1628049612045288,0.19199001789093018
8,0.15302996337413788,0.19887523353099823
9,0.1440969705581665,0.2252056896686554
10,0.13492675125598907,0.201304629445076
