epoch,train_loss,val_loss
1,0.34047606587409973,0.3471631705760956
2,0.22284100949764252,0.22395342588424683
3,0.19442279636859894,0.21454846858978271
4,0.17828898131847382,0.2003057450056076
5,0.1658058613538742,0.1927940547466278
6,0.15426592528820038,0.2041541486978531
7,0.14369890093803406,0.1845310926437378
8,0.1335446983575821,0.18659251928329468
9,0.12517820298671722,0.18879073858261108
10,0.11474454402923584,0.1948176920413971
