epoch,train_loss,val_loss
1,0.31375959515571594,0.2318713217973709
2,0.21286605298519135,0.2192571759223938
3,0.1860179305076599,0.19695419073104858
4,0.1706666201353073,0.2175002247095108
5,0.15699006617069244,0.21768058836460114
6,0.1442076712846756,0.19162045419216156
7,0.1323377937078476,0.18802759051322937
8,0.1201746016740799,0.2093164324760437
9,0.10899006575345993,0.2035001665353775
10,0.09603214263916016,0.2110411822795868
