epoch,train_loss,val_loss
1,0.3285195231437683,0.2645431458950043
2,0.2174491435289383,0.21974751353263855
3,0.18920327723026276,0.1967102289199829
4,0.16872182488441467,0.19069747626781464
5,0.15187500417232513,0.19477935135364532
6,0.1358029693365097,0.20038171112537384
7,0.12495774775743484,0.19531820714473724
