epoch,train_loss,val_loss
1,0.31589964032173157,0.2828231155872345
2,0.2145240753889084,0.21781529486179352
3,0.19057925045490265,0.20375153422355652
4,0.17683205008506775,0.19638818502426147
5,0.16620653867721558,0.19094495475292206
6,0.1558714658021927,0.21001942455768585
7,0.1458589732646942,0.260616660118103
8,0.13496369123458862,0.25174108147621155
