epoch,train_loss,val_loss
1,0.3016452193260193,0.24910999834537506
2,0.2174825221300125,0.3093775808811188
3,0.19378843903541565,0.2122202068567276
4,0.17972919344902039,0.19138884544372559
5,0.1681610643863678,0.18616238236427307
6,0.15748564898967743,0.1845061182975769
7,0.1458740532398224,0.19303196668624878
8,0.13455040752887726,0.19520634412765503
9,0.12296806275844574,0.20422685146331787
