epoch,train_loss,val_loss
1,0.3645186126232147,0.25408923625946045
2,0.2372802495956421,0.20857614278793335
3,0.20827990770339966,0.1920003741979599
4,0.18677519261837006,0.1855655163526535
5,0.17273296415805817,0.18704338371753693
6,0.16052035987377167,0.18776629865169525
7,0.14726054668426514,0.19499905407428741
