epoch,train_loss,val_loss
1,0.307676762342453,0.24177668988704681
2,0.21508897840976715,0.21604269742965698
3,0.19072143733501434,0.21639755368232727
4,0.17689183354377747,0.2087382823228836
5,0.16655203700065613,0.22377032041549683
6,0.15589919686317444,0.2152125984430313
7,0.14421160519123077,0.1999686062335968
8,0.13255621492862701,0.2388155162334442
9,0.12004934996366501,0.21833990514278412
10,0.10927964746952057,0.2949102520942688
