epoch,train_loss,val_loss
1,0.3839811086654663,0.3175524175167084
2,0.27439171075820923,0.28549155592918396
3,0.2270563840866089,0.2284078449010849
4,0.20489881932735443,0.24274513125419617
5,0.18660485744476318,0.2193850874900818
6,0.18382495641708374,0.22220687568187714
7,0.17293155193328857,0.25667014718055725
8,0.1540783792734146,0.22869601845741272
