epoch,train_loss,val_loss
1,0.33670422434806824,0.24186894297599792
2,0.22042237222194672,0.21319590508937836
3,0.19415183365345,0.20627619326114655
4,0.17723217606544495,0.19894978404045105
5,0.163431316614151,0.19225673377513885
6,0.15149599313735962,0.1947328895330429
7,0.144744411110878,0.19810563325881958
8,0.13367480039596558,0.21125586330890656
