epoch,train_loss,val_loss
1,0.358296275138855,0.2903233766555786
2,0.23551297187805176,0.2146686613559723
3,0.20354735851287842,0.2017437368631363
4,0.18256056308746338,0.20847246050834656
5,0.16630952060222626,0.19643330574035645
6,0.1507699340581894,0.20359088480472565
7,0.13531482219696045,0.2171000838279724
8,0.12086975574493408,0.22412973642349243
