epoch,train_loss,val_loss
1,0.32582488656044006,0.2583475112915039
2,0.21506589651107788,0.2004707008600235
3,0.1870436668395996,0.19753770530223846
4,0.1699351966381073,0.1975995898246765
5,0.15479382872581482,0.1982230544090271
6,0.1416357010602951,0.1940324604511261
7,0.126901775598526,0.2231084108352661
8,0.11110048741102219,0.22610706090927124
9,0.09544165432453156,0.23173831403255463
