epoch,train_loss,val_loss
1,0.319107323884964,0.39922896027565
2,0.2172168642282486,0.20771761238574982
3,0.18971087038516998,0.19408906996250153
4,0.17585386335849762,0.1933862566947937
5,0.16545605659484863,0.18645042181015015
6,0.15703031420707703,0.18311944603919983
7,0.14820989966392517,0.18717916309833527
8,0.1396184265613556,0.20191983878612518
9,0.1302236169576645,0.19105541706085205
