epoch,train_loss,val_loss
1,0.2947056293487549,0.25369468331336975
2,0.20916232466697693,0.20098520815372467
3,0.1848265528678894,0.19759882986545563
4,0.16991984844207764,0.1942397952079773
5,0.15780958533287048,0.19469623267650604
6,0.1462988704442978,0.1993723213672638
7,0.13530848920345306,0.2036277800798416
