epoch,train_loss,val_loss
1,0.29889804124832153,0.2515656054019928
2,0.2119157463312149,0.20619836449623108
3,0.188224196434021,0.19439969956874847
4,0.17322999238967896,0.19038595259189606
5,0.1599419265985489,0.1969415694475174
6,0.14667952060699463,0.20400077104568481
7,0.1312839388847351,0.21443960070610046
