epoch,train_loss,val_loss
1,0.3823281526565552,0.2952929437160492
2,0.262260764837265,0.24776233732700348
3,0.22483976185321808,0.22338558733463287
4,0.2030450701713562,0.2168128937482834
5,0.18839405477046967,0.2121473103761673
6,0.18209360539913177,0.21718242764472961
7,0.16948841512203217,0.21254561841487885
8,0.156021848320961,0.19428685307502747
9,0.1464928388595581,0.19808781147003174
10,0.13858768343925476,0.206154927611351
11,0.13016732037067413,0.21659615635871887
