epoch,train_loss,val_loss
1,0.39050307869911194,0.3435114920139313
2,0.27557364106178284,0.27017655968666077
3,0.2445724904537201,0.23639936745166779
4,0.2246122509241104,0.21890264749526978
5,0.20718933641910553,0.21931318938732147
6,0.19428706169128418,0.21498574316501617
7,0.18124717473983765,0.21438740193843842
8,0.16950470209121704,0.3669760525226593
9,0.17915618419647217,0.22982922196388245
10,0.15945373475551605,0.23837271332740784
