epoch,train_loss,val_loss
1,0.3273429870605469,0.26930370926856995
2,0.23224151134490967,0.2201492190361023
3,0.19837342202663422,0.19126087427139282
4,0.18248243629932404,0.19666419923305511
5,0.17463652789592743,0.19137567281723022
6,0.16402803361415863,4.595015048980713
