epoch,train_loss,val_loss
1,0.3525720238685608,0.26871222257614136
2,0.23708698153495789,3.4545702934265137
3,0.204786017537117,0.2129247933626175
4,0.1851610392332077,0.19586780667304993
5,0.172271266579628,0.19125697016716003
6,0.16002045571804047,0.1935054361820221
7,0.14683710038661957,0.2114085704088211
8,0.1343964785337448,0.21397756040096283
