epoch,train_loss,val_loss
1,0.4186575412750244,0.39324045181274414
2,0.3329714238643646,0.32588720321655273
3,0.32371026277542114,0.3326147198677063
4,0.3241291642189026,0.3276056945323944
5,0.31163492798805237,0.32738086581230164
