epoch,train_loss,val_loss
1,0.34913086891174316,0.24709972739219666
2,0.23192043602466583,0.2007249891757965
3,0.2003444880247116,0.19590185582637787
4,0.18346449732780457,0.20147575438022614
5,0.16822877526283264,0.2027340531349182
6,0.15236158668994904,0.19546639919281006
7,0.13733558356761932,0.2050028294324875
8,0.12236711382865906,0.21439723670482635
9,0.10859931260347366,0.2200385183095932
