epoch,train_loss,val_loss
1,0.37092772126197815,0.3293323218822479
2,0.25907260179519653,0.3062916398048401
3,0.2339981496334076,0.22864475846290588
4,0.20372886955738068,0.21385714411735535
5,0.18737833201885223,0.21132276952266693
6,0.17469939589500427,0.26386237144470215
7,0.16644735634326935,0.21446891129016876
8,0.15407289564609528,0.2058495581150055
9,0.13717873394489288,0.27045804262161255
10,0.12184221297502518,0.282110333442688
11,0.12054500728845596,0.2358161211013794
