epoch,train_loss,val_loss
1,0.34827858209609985,0.26430821418762207
2,0.22280894219875336,0.2080492526292801
3,0.1919068694114685,0.2049645036458969
4,0.17206710577011108,0.19874443113803864
5,0.16216550767421722,0.1878739893436432
6,0.14653830230236053,0.18358822166919708
7,0.13269682228565216,0.19343975186347961
8,0.11502845585346222,0.19982531666755676
9,0.10003895312547684,0.2107221633195877
