epoch,train_loss,val_loss
1,0.34307312965393066,0.27599358558654785
2,0.22804832458496094,0.2056971788406372
3,0.19752253592014313,0.20483992993831635
4,0.18641068041324615,0.19739127159118652
5,0.16864556074142456,0.18071138858795166
6,0.15629306435585022,0.19377602636814117
7,0.1501113772392273,0.18251442909240723
8,0.1375618278980255,0.18492555618286133
