epoch,train_loss,val_loss
1,0.3655341565608978,0.3810093402862549
2,0.2415962815284729,0.2550601065158844
3,0.20911647379398346,0.20441444218158722
4,0.1909615695476532,0.23335419595241547
5,0.17644619941711426,0.1945023089647293
6,0.16483032703399658,0.20989078283309937
7,0.15217381715774536,0.20938435196876526
8,0.13866978883743286,0.22742633521556854
