epoch,train_loss,val_loss
1,0.34780749678611755,0.2691793441772461
2,0.2330949455499649,0.21115243434906006
3,0.20118162035942078,0.2232983261346817
4,0.18998748064041138,0.20015186071395874
5,0.1674889475107193,0.199236661195755
6,0.14901554584503174,0.20590414106845856
7,0.13281434774398804,0.21731236577033997
8,0.12003393471240997,0.213795006275177
