epoch,train_loss,val_loss
1,0.2985817492008209,0.2948116958141327
2,0.2137535661458969,0.2123224437236786
3,0.19009891152381897,0.2004924863576889
4,0.17589806020259857,0.19734647870063782
5,0.1652076095342636,0.19325512647628784
6,0.1554991751909256,0.19704569876194
7,0.1459532380104065,0.19236546754837036
8,0.13682638108730316,0.18998539447784424
9,0.12713289260864258,0.20766232907772064
10,0.11679907143115997,0.19570374488830566
11,0.10847178101539612,0.23870296776294708
