epoch,train_loss,val_loss
1,0.37127816677093506,0.28981468081474304
2,0.2612972855567932,0.24684832990169525
3,0.24298876523971558,0.21989333629608154
4,0.21018612384796143,0.23027457296848297
5,0.19649738073349,0.20970062911510468
6,0.18445128202438354,0.211017444729805
7,0.1737062931060791,0.2078518271446228
8,0.16119447350502014,0.20337142050266266
9,0.15207749605178833,0.21215316653251648
10,0.1403236985206604,0.20798708498477936
11,0.12998761236667633,0.20706897974014282
