epoch,train_loss,val_loss
1,0.320224404335022,0.23751965165138245
2,0.21401727199554443,0.29050129652023315
3,0.2017727792263031,0.20987547934055328
4,0.174002006649971,0.19801056385040283
5,0.16125819087028503,0.1974402517080307
6,0.14613789319992065,0.2076064944267273
7,0.13246691226959229,0.2223621904850006
8,0.11574335396289825,0.23881898820400238
