epoch,train_loss,val_loss
1,0.3707082271575928,0.26837101578712463
2,0.24648316204547882,0.23462055623531342
3,0.20738178491592407,0.2192157357931137
4,0.18948714435100555,0.2103171944618225
5,0.17580322921276093,0.1989509016275406
6,0.17156748473644257,0.2008468508720398
7,0.15841440856456757,0.19336411356925964
8,0.14588485658168793,0.20217813551425934
9,0.13507646322250366,0.20068667829036713
10,0.12345961481332779,0.20385725796222687
