epoch,train_loss,val_loss
1,0.3664456307888031,0.2708379924297333
2,0.2432250827550888,0.20649877190589905
3,0.20976120233535767,0.20096194744110107
4,0.19293446838855743,0.2033681720495224
5,0.17573684453964233,0.21375755965709686
6,0.16184093058109283,0.18981675803661346
7,0.14869952201843262,0.20159463584423065
8,0.13406823575496674,0.19462305307388306
9,0.11939958482980728,0.22001270949840546
