epoch,train_loss,val_loss
1,0.3952094316482544,0.3310011029243469
2,0.26236599683761597,0.23550866544246674
3,0.2281693071126938,0.21977612376213074
4,0.1996210515499115,0.2276284396648407
5,0.18402910232543945,0.20868046581745148
6,0.1707315593957901,0.20491917431354523
7,0.1575084924697876,0.22178088128566742
8,0.14449550211429596,0.20204387605190277
9,0.1300138235092163,0.22224533557891846
10,0.12040379643440247,0.2071428894996643
11,0.10468735545873642,0.2401742786169052
