epoch,train_loss,val_loss
1,0.40087834000587463,0.3089851438999176
2,0.28395703434944153,0.2599213719367981
3,0.2471618950366974,0.23734229803085327
4,0.22081498801708221,0.23374053835868835
5,0.20804420113563538,0.22149688005447388
6,0.19301490485668182,0.2131112962961197
7,0.17770440876483917,0.20728281140327454
8,0.16594377160072327,0.2184118926525116
9,0.15798401832580566,0.21740061044692993
10,0.14743974804878235,0.21740132570266724
