epoch,train_loss,val_loss
1,0.304391086101532,0.25015366077423096
2,0.21574769914150238,0.21361874043941498
3,0.19080305099487305,0.2159954160451889
4,0.17591367661952972,0.19659453630447388
5,0.16362440586090088,0.18852360546588898
6,0.15144245326519012,0.18990427255630493
7,0.1388452649116516,0.20773622393608093
8,0.12602639198303223,0.21045120060443878
