epoch,train_loss,val_loss
1,0.38554009795188904,0.311298131942749
2,0.26131588220596313,0.27367180585861206
3,0.22167499363422394,0.2051714062690735
4,0.1987605094909668,0.1981886476278305
5,0.18533697724342346,0.19241248071193695
6,0.17011304199695587,0.19186531007289886
7,0.1581355333328247,0.20484626293182373
8,0.14552153646945953,0.20758026838302612
9,0.13272668421268463,0.20564796030521393
