epoch,train_loss,val_loss
1,0.3997458517551422,0.335627019405365
2,0.33640196919441223,0.3450564444065094
3,0.33053335547447205,0.33036866784095764
4,0.3164488673210144,0.37465476989746094
5,0.3099023699760437,0.328904926776886
6,0.3009628355503082,0.321973592042923
7,0.29275059700012207,0.32315096259117126
8,0.28249597549438477,0.3180149495601654
9,0.2739993929862976,0.33063507080078125
10,0.26508474349975586,0.3388937711715698
11,0.26119258999824524,0.3465350270271301
