epoch,train_loss,val_loss
1,0.29934704303741455,0.23639141023159027
2,0.2126353234052658,0.20724855363368988
3,0.1901242733001709,0.2163398712873459
4,0.17715615034103394,0.1974204033613205
5,0.16634419560432434,0.18881887197494507
6,0.15581345558166504,0.18539775907993317
7,0.1452299952507019,0.1834452897310257
8,0.13323301076889038,0.1935984492301941
9,0.12081857025623322,0.2092747539281845
10,0.10928590595722198,0.22588200867176056
