epoch,train_loss,val_loss
1,0.36498743295669556,0.26885586977005005
2,0.23537203669548035,0.2506583333015442
3,0.20723523199558258,0.21449348330497742
4,0.1853501945734024,0.2003423571586609
5,0.17394092679023743,0.19830358028411865
6,0.1627756804227829,0.192764014005661
7,0.15261156857013702,0.18595221638679504
8,0.1436152309179306,0.1977538764476776
9,0.13481366634368896,0.19519509375095367
10,0.12328027933835983,0.2018510103225708
