epoch,train_loss,val_loss
1,0.2941064238548279,0.22395354509353638
2,0.20892639458179474,0.2047216296195984
3,0.18563880026340485,0.18199202418327332
4,0.17216253280639648,0.18311531841754913
5,0.16057612001895905,0.18009555339813232
6,0.15061339735984802,0.19432325661182404
7,0.13958574831485748,0.20101739466190338
8,0.1292090117931366,0.21697980165481567
