epoch,train_loss,val_loss
1,0.3905045688152313,0.29831019043922424
2,0.26465606689453125,0.24583080410957336
3,0.2236524075269699,0.2168281227350235
4,0.2051638513803482,0.23225322365760803
5,0.18974101543426514,0.2117612063884735
6,0.17577923834323883,0.22922192513942719
7,0.16740764677524567,0.24231766164302826
8,0.15481647849082947,0.22171269357204437
