epoch,train_loss,val_loss
1,0.4066450893878937,0.38238751888275146
2,0.35333508253097534,0.3989044427871704
3,0.3351196050643921,0.34430262446403503
4,0.32117119431495667,0.3280572295188904
5,0.30992013216018677,0.34021466970443726
6,0.30139586329460144,0.33697009086608887
7,0.2932809591293335,0.3379228413105011
