epoch,train_loss,val_loss
1,0.3177766799926758,0.24457639455795288
2,0.21029289066791534,0.2205720990896225
3,0.18302683532238007,0.19397971034049988
4,0.16664455831050873,0.19315050542354584
5,0.15358562767505646,0.19396039843559265
6,0.13919208943843842,0.19358709454536438
7,0.12623213231563568,0.20285294950008392
