epoch,train_loss,val_loss
1,0.3344244360923767,0.23216864466667175
2,0.22264501452445984,0.22800453007221222
3,0.19538100063800812,0.19878697395324707
4,0.17604754865169525,0.20132122933864594
5,0.16147281229496002,0.1936277151107788
6,0.1554872691631317,0.19327829778194427
7,0.1367521435022354,0.1973741501569748
8,0.11935865879058838,0.21313844621181488
9,0.10304508358240128,0.22924982011318207
