epoch,train_loss,val_loss
1,0.3433375656604767,0.29497992992401123
2,0.2285746932029724,0.22028249502182007
3,0.1974029690027237,0.22197647392749786
4,0.18146879971027374,0.19426606595516205
5,0.16950012743473053,0.18968084454536438
6,0.15944556891918182,0.18710897862911224
7,0.14985015988349915,0.19339394569396973
8,0.13896512985229492,0.1961231529712677
9,0.12845627963542938,0.19957195222377777
