epoch,train_loss,val_loss
1,0.29983842372894287,0.2593466341495514
2,0.22102385759353638,0.20984317362308502
3,0.19475902616977692,0.20353963971138
4,0.178537979722023,0.20047086477279663
5,0.16429322957992554,0.1994200348854065
6,0.14877673983573914,0.21759814023971558
7,0.1331689953804016,0.22656716406345367
8,0.11827223002910614,0.24033479392528534
