epoch,train_loss,val_loss
1,0.3385176658630371,0.26145005226135254
2,0.2256840467453003,0.21373356878757477
3,0.19566360116004944,0.206964373588562
4,0.1764393448829651,0.2029603272676468
5,0.1616659164428711,0.21000538766384125
6,0.14791986346244812,0.20544368028640747
7,0.13310708105564117,0.2245916873216629
