epoch,train_loss,val_loss
1,0.33091869950294495,0.23544007539749146
2,0.2288583219051361,0.20760196447372437
3,0.1980273723602295,0.20001569390296936
4,0.17961779236793518,0.20103348791599274
5,0.15902076661586761,0.1981387585401535
6,0.13799653947353363,0.20191062986850739
7,0.11864204704761505,0.22104211151599884
8,0.10038290172815323,0.21815869212150574
