epoch,train_loss,val_loss
1,0.34392842650413513,0.29092904925346375
2,0.22584940493106842,0.21906915307044983
3,0.19555726647377014,0.1988382786512375
4,0.1783934086561203,0.19587603211402893
5,0.16677230596542358,0.18700546026229858
6,0.15617531538009644,0.1830301582813263
7,0.14484506845474243,0.19306086003780365
8,0.13404053449630737,0.20013655722141266
9,0.12235365808010101,0.22729793190956116
