epoch,train_loss,val_loss
1,0.4016086757183075,0.39254245162010193
2,0.3368094265460968,0.35639530420303345
3,0.3350813090801239,0.3404858410358429
4,0.3185480535030365,0.3259585499763489
5,0.3082475960254669,0.3337003290653229
6,0.2973119914531708,0.35325947403907776
7,0.28710249066352844,0.344943106174469
