epoch,train_loss,val_loss
1,0.3308139741420746,0.24381856620311737
2,0.21485191583633423,0.20213529467582703
3,0.1893930286169052,0.20159699022769928
4,0.1705789715051651,0.19039307534694672
5,0.15594536066055298,0.19901509582996368
6,0.14286085963249207,0.1983557492494583
7,0.12747421860694885,0.19323678314685822
