epoch,train_loss,val_loss
1,0.34328368306159973,0.26736825704574585
2,0.22301392257213593,0.22235392034053802
3,0.19159004092216492,0.19846077263355255
4,0.17559003829956055,0.1860223412513733
5,0.16226868331432343,0.18444867432117462
6,0.1520387828350067,0.199220210313797
7,0.14027844369411469,0.20727437734603882
8,0.13060413300991058,0.2272321879863739
