epoch,train_loss,val_loss
1,0.2912609577178955,0.2412121444940567
2,0.20735642313957214,0.21047057211399078
3,0.18450529873371124,0.19826927781105042
4,0.1691485196352005,0.2046215683221817
5,0.15530699491500854,0.20311234891414642
6,0.14128327369689941,0.20932982861995697
