epoch,train_loss,val_loss
1,0.3067981004714966,0.2503693103790283
2,0.21754370629787445,0.2343180775642395
3,0.19112524390220642,0.22784523665905
4,0.17552350461483002,0.1946178525686264
5,0.16233183443546295,0.18903404474258423
6,0.1503036767244339,0.19603942334651947
7,0.13680435717105865,0.2050410360097885
8,0.12363725155591965,0.2207956463098526
