epoch,train_loss,val_loss
1,0.4180907905101776,0.5595231652259827
2,0.32363569736480713,0.2905113697052002
3,0.27346187829971313,0.2956637740135193
4,0.2542817294597626,0.30205440521240234
5,0.22590701282024384,0.2498144954442978
6,0.20866887271404266,0.2311081737279892
7,0.19391724467277527,0.22537897527217865
8,0.17933256924152374,0.22863471508026123
9,0.16657520830631256,0.2426750808954239
10,0.15634925663471222,0.22963497042655945
