epoch,train_loss,val_loss
1,0.3891870677471161,0.315875381231308
2,0.2648659646511078,0.2323417365550995
3,0.22553566098213196,0.2191745936870575
4,0.2042391300201416,0.20424896478652954
5,0.19248439371585846,0.19962617754936218
6,0.17906372249126434,0.19350197911262512
7,0.16645456850528717,0.1943778097629547
8,0.15657566487789154,0.1929541379213333
9,0.14761702716350555,0.20499972999095917
10,0.14592550694942474,0.20245692133903503
11,0.12965328991413116,0.21534587442874908
