epoch,train_loss,val_loss
1,0.3841566741466522,0.3030454218387604
2,0.27041637897491455,0.23961304128170013
3,0.22381450235843658,0.21418870985507965
4,0.1990167498588562,0.21052183210849762
5,0.18394969403743744,0.19885987043380737
6,0.17138901352882385,0.21335440874099731
7,0.15583723783493042,0.2080617994070053
8,0.13862676918506622,0.23244915902614594
