epoch,train_loss,val_loss
1,0.3378291428089142,0.27345556020736694
2,0.2260161191225052,0.22167271375656128
3,0.20036181807518005,0.21025392413139343
4,0.1824849247932434,0.20471693575382233
5,0.1699058711528778,0.20401403307914734
6,0.15979160368442535,0.19773058593273163
7,0.14795558154582977,0.2006082683801651
8,0.13559561967849731,0.2131485790014267
9,0.12097224593162537,0.2124297022819519
