epoch,train_loss,val_loss
1,0.28707355260849,0.2168446034193039
2,0.20486602187156677,0.20254011452198029
3,0.18278516829013824,0.18885159492492676
4,0.169316366314888,0.18280206620693207
5,0.15749941766262054,0.18672727048397064
6,0.14668413996696472,0.18852461874485016
7,0.13559769093990326,0.18649767339229584
