epoch,train_loss,val_loss
1,0.3472995162010193,0.25376400351524353
2,0.23158282041549683,0.22706887125968933
3,0.20165753364562988,0.2008497416973114
4,0.18325850367546082,0.18987056612968445
5,0.17056623101234436,0.1845325529575348
6,0.16023582220077515,0.19489112496376038
7,0.14971189200878143,0.1983073204755783
8,0.13987942039966583,0.18924599885940552
