epoch,train_loss,val_loss
1,0.36225077509880066,0.26983144879341125
2,0.24775223433971405,0.26279276609420776
3,0.21293899416923523,0.20353758335113525
4,0.19257108867168427,0.20247527956962585
5,0.17871129512786865,0.23545198142528534
6,0.16784027218818665,0.22649094462394714
7,0.15426893532276154,0.20613403618335724
