epoch,train_loss,val_loss
1,0.32573121786117554,0.2910992205142975
2,0.215162456035614,0.20959173142910004
3,0.19224683940410614,0.2054223120212555
4,0.17909300327301025,0.20421873033046722
5,0.1695319414138794,0.1982862949371338
6,0.16123615205287933,0.20037855207920074
7,0.1520538628101349,0.20305277407169342
8,0.14321525394916534,0.20642349123954773
