epoch,train_loss,val_loss
1,0.3521241247653961,0.24978910386562347
2,0.22957952320575714,0.21673935651779175
3,0.19750460982322693,0.21126142144203186
4,0.1790994256734848,0.21897490322589874
5,0.16239795088768005,0.2235344499349594
6,0.1507629007101059,0.202224463224411
7,0.12989117205142975,0.2003059834241867
8,0.11624916642904282,0.25007471442222595
9,0.09998574107885361,0.28066331148147583
10,0.0856742411851883,0.2642323970794678
