epoch,train_loss,val_loss
1,0.38502609729766846,2.6628639698028564
2,0.2688221335411072,0.24774287641048431
3,0.22947588562965393,0.2353096306324005
4,0.20881402492523193,0.2178194671869278
5,0.19089989364147186,0.19519487023353577
6,0.18304197490215302,0.20086640119552612
7,0.17466282844543457,0.19535739719867706
8,0.16637763381004333,0.19773763418197632
