epoch,train_loss,val_loss
1,0.33191099762916565,0.2479037046432495
2,0.21911004185676575,0.19843879342079163
3,0.18859465420246124,0.19136810302734375
4,0.17145803570747375,0.22874556481838226
5,0.15723112225532532,0.20307201147079468
6,0.14347687363624573,0.1852133572101593
7,0.13099361956119537,0.203327938914299
8,0.11811266839504242,0.24881692230701447
9,0.10492167621850967,0.22032000124454498
