epoch,train_loss,val_loss
1,0.3400416374206543,0.2592782974243164
2,0.22288767993450165,0.2580498158931732
3,0.1944883167743683,0.21162204444408417
4,0.17780835926532745,0.20424234867095947
5,0.16512936353683472,0.19772636890411377
6,0.1543530970811844,0.21464112401008606
7,0.14289796352386475,0.19585846364498138
8,0.13160191476345062,0.19465871155261993
9,0.11720742285251617,0.19907423853874207
10,0.10251695662736893,0.21419021487236023
11,0.08650347590446472,0.23380175232887268
