epoch,train_loss,val_loss
1,0.3654383718967438,0.3025367856025696
2,0.24099136888980865,0.23180115222930908
3,0.20531025528907776,0.20796431601047516
4,0.1853017807006836,0.1936158835887909
5,0.17296671867370605,0.1957537829875946
6,0.16002675890922546,0.19962069392204285
7,0.14716704189777374,0.21023285388946533
