epoch,train_loss,val_loss
1,0.32695871591567993,0.341336190700531
2,0.22364656627178192,0.21826282143592834
3,0.1955329328775406,0.19723103940486908
4,0.17748557031154633,0.1943298876285553
5,0.16228944063186646,0.2951977252960205
6,0.16047054529190063,0.1936102658510208
7,0.13708123564720154,0.19040647149085999
8,0.11995530873537064,0.2153032422065735
9,0.10400671511888504,0.2454274594783783
10,0.09448923170566559,0.24851304292678833
