epoch,train_loss,val_loss
1,0.30223655700683594,0.24672186374664307
2,0.21460987627506256,0.21971185505390167
3,0.1899966299533844,0.2026185840368271
4,0.17625927925109863,0.2017524540424347
5,0.16495859622955322,0.20497776567935944
6,0.15446379780769348,0.20337308943271637
7,0.14289085566997528,0.20202365517616272
