epoch,train_loss,val_loss
1,0.3548499345779419,0.28726306557655334
2,0.24095803499221802,0.22649934887886047
3,0.20981423556804657,0.21115340292453766
4,0.19143719971179962,0.19839054346084595
5,0.17827026546001434,0.19857263565063477
6,0.16614560782909393,0.19360020756721497
7,0.1596168875694275,0.1864631474018097
8,0.14938214421272278,0.18047088384628296
9,0.1351168304681778,0.18748699128627777
10,0.12429487705230713,0.19367669522762299
11,0.11251910775899887,0.1990884393453598
