epoch,train_loss,val_loss
1,0.3256532847881317,0.2422553449869156
2,0.2151121199131012,0.19720391929149628
3,0.1896168291568756,0.18717987835407257
4,0.17161135375499725,0.18481607735157013
5,0.15693549811840057,0.18342986702919006
6,0.14274364709854126,0.19726184010505676
7,0.13271507620811462,0.19602377712726593
8,0.11603663116693497,0.21537424623966217
