epoch,train_loss,val_loss
1,0.2980230748653412,0.25508221983909607
2,0.20862242579460144,0.20619657635688782
3,0.18510384857654572,0.194725900888443
4,0.1710619181394577,0.1872328370809555
5,0.15900260210037231,0.19610518217086792
6,0.14724750816822052,0.19401514530181885
7,0.1344911754131317,0.19170813262462616
