epoch,train_loss,val_loss
1,0.28806164860725403,0.24080775678157806
2,0.20598559081554413,0.2113308310508728
3,0.18271291255950928,0.20103934407234192
4,0.16800548136234283,0.20361946523189545
5,0.15531828999519348,0.19728045165538788
6,0.142984077334404,0.2019738107919693
7,0.13191165030002594,0.20433351397514343
8,0.11994174122810364,0.22745998203754425
