epoch,train_loss,val_loss
1,0.34908315539360046,0.43174949288368225
2,0.23151063919067383,0.20874623954296112
3,0.199223592877388,0.19082017242908478
4,0.18274635076522827,0.18761570751667023
5,0.16980689764022827,0.19115754961967468
6,0.1666991263628006,0.18755488097667694
7,0.15163852274417877,0.18185406923294067
8,0.14145563542842865,0.526289701461792
9,0.12900501489639282,0.2145058512687683
10,0.123277947306633,0.20469844341278076
