epoch,train_loss,val_loss
1,0.3401230573654175,0.24475742876529694
2,0.22163239121437073,0.21568912267684937
3,0.19046518206596375,0.2111799120903015
4,0.1726987510919571,0.19215454161167145
5,0.15800726413726807,0.18220295011997223
6,0.14361156523227692,0.19397631287574768
7,0.13025793433189392,0.19459593296051025
8,0.11293675005435944,0.20416447520256042
