epoch,train_loss,val_loss
1,0.36560317873954773,0.36560189723968506
2,0.23879747092723846,0.21563847362995148
3,0.2067272812128067,0.21307165920734406
4,0.18586036562919617,0.2060726135969162
5,0.1706143617630005,0.23430860042572021
6,0.1556927114725113,0.23769649863243103
7,0.14624282717704773,0.22290121018886566
