epoch,train_loss,val_loss
1,0.29791128635406494,0.229027658700943
2,0.2090553194284439,0.20167389512062073
3,0.18471011519432068,0.1931670755147934
4,0.16971193253993988,0.19555838406085968
5,0.15791738033294678,0.20466873049736023
6,0.14595741033554077,0.19304698705673218
7,0.13462527096271515,0.19716982543468475
8,0.12311195582151413,0.1879081130027771
9,0.11274105310440063,0.20200426876544952
10,0.10223112255334854,0.19316719472408295
11,0.09259653091430664,0.20453785359859467
