epoch,train_loss,val_loss
1,0.3153138756752014,0.25702688097953796
2,0.2167258858680725,0.19989131391048431
3,0.19031615555286407,0.1919015794992447
4,0.17584717273712158,0.1839596927165985
5,0.16414141654968262,0.18389181792736053
6,0.15358373522758484,0.18576452136039734
7,0.1420130729675293,0.19200967252254486
8,0.13038143515586853,0.20300139486789703
