epoch,train_loss,val_loss
1,0.3259652554988861,0.25845107436180115
2,0.21849393844604492,0.19900405406951904
3,0.19012042880058289,0.18643328547477722
4,0.17219756543636322,0.18436037003993988
5,0.15809829533100128,0.18770937621593475
6,0.14701007306575775,0.18615306913852692
7,0.13192012906074524,0.209069162607193
