epoch,train_loss,val_loss
1,0.3628235459327698,0.2621321976184845
2,0.2383377104997635,0.21973559260368347
3,0.2041698843240738,0.20493504405021667
4,0.18560482561588287,0.19979920983314514
5,0.1678372472524643,0.20040762424468994
6,0.15127313137054443,0.20127318799495697
7,0.134468674659729,0.22920380532741547
