epoch,train_loss,val_loss
1,0.38211435079574585,0.3124733567237854
2,0.2655000388622284,0.24829263985157013
3,0.21956588327884674,0.2272883802652359
4,0.1985744833946228,0.22326822578907013
5,0.1852334588766098,0.19849681854248047
6,0.1700710654258728,0.1957731544971466
7,0.15890894830226898,0.2169790416955948
8,0.14889350533485413,0.20549052953720093
9,0.1367429941892624,0.20935657620429993
