epoch,train_loss,val_loss
1,0.3511960208415985,0.3226372301578522
2,0.23934409022331238,0.24893580377101898
3,0.21018794178962708,0.20036914944648743
4,0.1944236159324646,0.20801042020320892
5,0.18283671140670776,0.20487655699253082
6,0.17320923507213593,0.19374437630176544
7,0.16255198419094086,0.18396031856536865
8,0.1516890972852707,0.18035481870174408
9,0.14199481904506683,0.18494358658790588
10,0.1770671010017395,0.19788628816604614
11,0.1714620590209961,0.18135042488574982
