epoch,train_loss,val_loss
1,0.30546078085899353,0.27736735343933105
2,0.21813209354877472,0.2215542197227478
3,0.19342206418514252,0.20670758187770844
4,0.17820249497890472,0.200644850730896
5,0.16666842997074127,0.20562580227851868
6,0.15591830015182495,0.1880246251821518
7,0.14514365792274475,0.1899198442697525
8,0.13410353660583496,0.20048223435878754
9,0.12133010476827621,0.2175762802362442
