epoch,train_loss,val_loss
1,0.3624722957611084,0.36958810687065125
2,0.23872853815555573,0.21565251052379608
3,0.20299464464187622,0.19915878772735596
4,0.18476681411266327,0.19518356025218964
5,0.1707591414451599,0.18424534797668457
6,0.15938636660575867,0.17861078679561615
7,0.1478736400604248,0.19324274361133575
8,0.13399066030979156,0.190277561545372
9,0.11829955130815506,0.22080107033252716
