epoch,train_loss,val_loss
1,0.3499181568622589,0.24867872893810272
2,0.232022225856781,0.21706387400627136
3,0.19865453243255615,0.19445893168449402
4,0.18582776188850403,0.185773566365242
5,0.1668478548526764,0.19259385764598846
6,0.15117111802101135,0.19822381436824799
7,0.1332123726606369,0.2021155208349228
