epoch,train_loss,val_loss
1,0.3411200940608978,0.2853430211544037
2,0.22420206665992737,0.21504263579845428
3,0.19509629905223846,0.21906043589115143
4,0.17634913325309753,0.20131252706050873
5,0.1619510054588318,0.21325340867042542
6,0.14937151968479156,0.2291448563337326
7,0.1347595900297165,0.2970823347568512
