epoch,train_loss,val_loss
1,0.3587731122970581,0.3161877691745758
2,0.23604321479797363,0.2094133198261261
3,0.20956549048423767,0.19396938383579254
4,0.1906239092350006,0.2486952841281891
5,0.17565757036209106,0.2118392139673233
6,0.1607922911643982,0.20391784608364105
