epoch,train_loss,val_loss
1,0.3424588739871979,0.27621954679489136
2,0.22756114602088928,0.21151123940944672
3,0.19536782801151276,0.19460342824459076
4,0.17516446113586426,0.20250315964221954
5,0.15810196101665497,0.23671533167362213
6,0.15293285250663757,0.22383636236190796
