epoch,train_loss,val_loss
1,0.3503595292568207,0.25142648816108704
2,0.2311646193265915,0.2672814428806305
3,0.1995151787996292,0.21182623505592346
4,0.17813843488693237,0.20039933919906616
5,0.16803434491157532,0.20026066899299622
6,0.1468784064054489,0.20523259043693542
7,0.12720702588558197,0.21186092495918274
8,0.1126660630106926,0.25759264826774597
