epoch,train_loss,val_loss
1,0.3076053857803345,0.2596152722835541
2,0.21418605744838715,0.27451345324516296
3,0.1910952925682068,0.20681656897068024
4,0.17847208678722382,0.19449999928474426
5,0.16828815639019012,0.18371306359767914
6,0.1595550924539566,0.1839846521615982
7,0.15161439776420593,0.2005154937505722
8,0.14336614310741425,0.20071521401405334
