epoch,train_loss,val_loss
1,0.29181867837905884,0.22733433544635773
2,0.2124660760164261,0.2025594413280487
3,0.18869401514530182,0.19888019561767578
4,0.17352308332920074,0.19633477926254272
5,0.15968011319637299,0.2023027390241623
6,0.14534133672714233,0.20801739394664764
7,0.13081270456314087,0.2147093564271927
