epoch,train_loss,val_loss
1,0.30337920784950256,0.2735908627510071
2,0.21693921089172363,0.21144233644008636
3,0.19376130402088165,0.22020694613456726
4,0.1798698604106903,0.19802890717983246
5,0.1694209724664688,0.1984509974718094
6,0.1602993756532669,0.19986356794834137
7,0.1512075960636139,0.20610487461090088
