epoch,train_loss,val_loss
1,0.34456008672714233,0.4477089047431946
2,0.23109391331672668,0.20827648043632507
3,0.20061138272285461,0.20847772061824799
4,0.18074603378772736,0.19228003919124603
5,0.16430708765983582,0.1991453617811203
6,0.1490386575460434,0.20038868486881256
7,0.13642823696136475,0.19849061965942383
