epoch,train_loss,val_loss
1,0.4202309846878052,0.36438441276550293
2,0.3238474726676941,0.2864583432674408
3,0.2941749095916748,0.3377739489078522
4,0.25885000824928284,0.3189876079559326
5,0.2326527237892151,0.2354966551065445
6,0.21271498501300812,0.22288842499256134
7,0.1983136534690857,0.21365831792354584
8,0.18434104323387146,0.2135339379310608
9,0.16961532831192017,0.22231610119342804
10,0.15842868387699127,0.2270716279745102
11,0.14685264229774475,0.23771409690380096
