epoch,train_loss,val_loss
1,0.3240452706813812,0.250414103269577
2,0.2186080515384674,0.20450332760810852
3,0.1883309930562973,0.1963178813457489
4,0.17114506661891937,0.18580816686153412
5,0.15886539220809937,0.19468002021312714
6,0.14610250294208527,0.18755948543548584
7,0.1324266642332077,0.1868014633655548
