epoch,train_loss,val_loss
1,0.2977678179740906,0.23064686357975006
2,0.20890361070632935,0.1997355967760086
3,0.18307828903198242,0.18495795130729675
4,0.167413592338562,0.18144841492176056
5,0.15307840704917908,0.18872934579849243
6,0.13845954835414886,0.19141215085983276
7,0.12402700632810593,0.22699449956417084
