epoch,train_loss,val_loss
1,0.37399792671203613,0.2899244427680969
2,0.25279951095581055,0.22920724749565125
3,0.2117552012205124,0.22104386985301971
4,0.1943582445383072,0.2063010036945343
5,0.17725184559822083,0.2042371928691864
6,0.16343945264816284,0.29268085956573486
7,0.15237149596214294,0.23021624982357025
8,0.1400410681962967,0.21217037737369537
