epoch,train_loss,val_loss
1,0.390489786863327,0.3930634558200836
2,0.271369606256485,0.24321851134300232
3,0.2216411530971527,0.21080352365970612
4,0.1993056982755661,0.20264548063278198
5,0.18352679908275604,0.21593418717384338
6,0.1709168553352356,0.1946989893913269
7,0.15879684686660767,0.19386963546276093
8,0.1486096829175949,0.20279358327388763
9,0.13877709209918976,0.20639924705028534
10,0.1342526227235794,0.2054094672203064
