epoch,train_loss,val_loss
1,0.3237476050853729,0.30561020970344543
2,0.21668578684329987,0.20461352169513702
3,0.1881995052099228,0.19232390820980072
4,0.17214182019233704,0.18046191334724426
5,0.15930818021297455,0.17788398265838623
6,0.1473160833120346,0.17544211447238922
7,0.13639068603515625,0.18617509305477142
8,0.12315388023853302,0.18674200773239136
9,0.10556669533252716,0.2052498608827591
