epoch,train_loss,val_loss
1,0.40714457631111145,0.3686734139919281
2,0.2945186495780945,0.274507999420166
3,0.2558513581752777,0.5823017954826355
4,0.25858426094055176,0.23447924852371216
5,0.21888768672943115,0.22742658853530884
6,0.20362968742847443,0.2293977290391922
7,0.1954246312379837,0.21537618339061737
8,0.1852809637784958,0.22229427099227905
9,0.173649862408638,0.22772324085235596
10,0.16411450505256653,0.24950340390205383
