epoch,train_loss,val_loss
1,0.381525456905365,0.3118820786476135
2,0.24682816863059998,0.22224311530590057
3,0.21042217314243317,0.20590241253376007
4,0.1908988505601883,0.19661639630794525
5,0.17597918212413788,0.19392246007919312
6,0.17175054550170898,0.2187502235174179
7,0.15496142208576202,0.19597595930099487
8,0.14144593477249146,0.21813103556632996
