epoch,train_loss,val_loss
1,0.3601457476615906,0.2502608299255371
2,0.2324950248003006,0.2137477695941925
3,0.1981106996536255,0.19373983144760132
4,0.1802360713481903,0.20385266840457916
5,0.16566050052642822,0.19700291752815247
6,0.1541859209537506,0.1872778981924057
7,0.1395963430404663,0.22369137406349182
8,0.12426615506410599,0.21163278818130493
9,0.10623353719711304,0.21463161706924438
