epoch,train_loss,val_loss
1,0.296010285615921,0.23919151723384857
2,0.20847146213054657,0.20169399678707123
3,0.18615314364433289,0.19482514262199402
4,0.17233550548553467,0.1968327760696411
5,0.16120971739292145,0.18924489617347717
6,0.1499827355146408,0.19414368271827698
7,0.1387147307395935,0.1994636356830597
8,0.1275617629289627,0.20367783308029175
