epoch,train_loss,val_loss
1,0.35592663288116455,0.27787986397743225
2,0.2378743588924408,0.21606214344501495
3,0.20405973494052887,0.2005530744791031
4,0.18683502078056335,0.19524571299552917
5,0.17666339874267578,0.19860468804836273
6,0.16678790748119354,0.1892656832933426
7,0.15535672008991241,0.19570806622505188
8,0.14422081410884857,0.18868322670459747
9,0.13422773778438568,0.19985587894916534
10,0.12414716184139252,0.20815669000148773
11,0.11254947632551193,0.21340405941009521
