epoch,train_loss,val_loss
1,0.34439340233802795,0.39408978819847107
2,0.23339350521564484,0.21324637532234192
3,0.19843459129333496,0.20277121663093567
4,0.18139535188674927,0.20064622163772583
5,0.16793575882911682,0.1840362548828125
6,0.1543647050857544,0.1754760444164276
7,0.14199136197566986,0.18028932809829712
8,0.12666036188602448,0.1819399893283844
9,0.11193151772022247,0.19686713814735413
