epoch,train_loss,val_loss
1,0.3525667190551758,0.24633324146270752
2,0.22840861976146698,0.22333963215351105
3,0.1993694007396698,0.21293136477470398
4,0.18069685995578766,0.18977104127407074
5,0.1691470742225647,0.19982753694057465
6,0.15387025475502014,0.2130601555109024
7,0.13963237404823303,0.20912985503673553
