epoch,train_loss,val_loss
1,0.33902448415756226,0.2522962689399719
2,0.2268436849117279,0.22055837512016296
3,0.19678106904029846,0.19293072819709778
4,0.17827054858207703,0.19485703110694885
5,0.16511772572994232,0.18663492798805237
6,0.15450376272201538,0.2029048204421997
7,0.14456166326999664,0.19164203107357025
8,0.1383969932794571,0.18993976712226868
