epoch,train_loss,val_loss
1,0.3385799527168274,0.250156968832016
2,0.22327302396297455,0.19870609045028687
3,0.19040463864803314,0.20125806331634521
4,0.17170527577400208,0.20317040383815765
5,0.15665468573570251,0.2022741436958313
