epoch,train_loss,val_loss
1,0.36103764176368713,0.27601367235183716
2,0.23877593874931335,0.22069519758224487
3,0.2042870968580246,0.20298828184604645
4,0.185055211186409,0.19318336248397827
5,0.1712147295475006,0.18819473683834076
6,0.16075684130191803,0.18499214947223663
7,0.14623184502124786,0.18892982602119446
8,0.13254496455192566,0.19663666188716888
9,0.11835703998804092,0.2015582174062729
