epoch,train_loss,val_loss
1,0.29922914505004883,0.23301658034324646
2,0.21092502772808075,0.21663500368595123
3,0.1853773444890976,0.2051531821489334
4,0.17127501964569092,0.19157642126083374
5,0.15980243682861328,0.20063067972660065
6,0.14766664803028107,0.21342934668064117
7,0.13520890474319458,0.22369547188282013
