epoch,train_loss,val_loss
1,0.35641512274742126,0.2691897749900818
2,0.24644675850868225,0.21707457304000854
3,0.20818345248699188,0.196403369307518
4,0.1922243982553482,0.18819737434387207
5,0.17677849531173706,0.17925089597702026
6,0.16609081625938416,0.17767751216888428
7,0.15485884249210358,0.17834381759166718
8,0.14366647601127625,0.18233861029148102
9,0.13583973050117493,0.1841069459915161
