epoch,train_loss,val_loss
1,0.3806203603744507,0.32893335819244385
2,0.25660353899002075,0.22706164419651031
3,0.22260206937789917,0.21916526556015015
4,0.20719017088413239,0.2152532935142517
5,0.18786099553108215,0.22640614211559296
6,0.18891584873199463,0.20829878747463226
7,0.16805590689182281,0.2085900604724884
8,0.15266504883766174,0.2114003747701645
9,0.13951200246810913,0.21292045712471008
