epoch,train_loss,val_loss
1,0.339162677526474,0.23715494573116302
2,0.22321267426013947,0.2658803462982178
3,0.19338807463645935,0.20443324744701385
4,0.17743316292762756,0.3560943603515625
5,0.1726856678724289,0.20246422290802002
6,0.15702398121356964,0.19432468712329865
7,0.1443842351436615,0.20885972678661346
8,0.13316763937473297,0.22808732092380524
9,0.12104294449090958,0.20912542939186096
