epoch,train_loss,val_loss
1,0.36250391602516174,0.25394630432128906
2,0.23756596446037292,0.20411880314350128
3,0.20059454441070557,0.2177576869726181
4,0.1810329705476761,0.21324582397937775
5,0.16547182202339172,0.19368208944797516
6,0.15091350674629211,0.1993934065103531
7,0.1333710253238678,0.20610180497169495
8,0.11701694130897522,0.20600363612174988
