epoch,train_loss,val_loss
1,0.33192333579063416,0.2436106652021408
2,0.22486841678619385,0.23702578246593475
3,0.19350019097328186,0.19440002739429474
4,0.17499525845050812,0.18606221675872803
5,0.16078060865402222,0.18957778811454773
6,0.14874398708343506,0.19607491791248322
7,0.1367458999156952,0.209952712059021
