epoch,train_loss,val_loss
1,0.29868972301483154,0.24835830926895142
2,0.21074694395065308,0.21460352838039398
3,0.18666869401931763,0.19514113664627075
4,0.1726166307926178,0.18576382100582123
5,0.1613452136516571,0.19122439622879028
6,0.15066108107566833,0.1956290602684021
7,0.1403239220380783,0.19354158639907837
