epoch,train_loss,val_loss
1,0.38374754786491394,0.2952565848827362
2,0.2651204764842987,0.2607179880142212
3,0.2333182692527771,0.23289185762405396
4,0.20882567763328552,0.22926294803619385
5,0.1911805272102356,0.22080551087856293
6,0.17779822647571564,0.22603683173656464
7,0.16649122536182404,0.256307989358902
8,0.15646204352378845,0.2257179170846939
