epoch,train_loss,val_loss
1,0.29374703764915466,0.26844748854637146
2,0.21347308158874512,0.22680127620697021
3,0.19179952144622803,0.20701444149017334
4,0.17947536706924438,0.19835487008094788
5,0.16871751844882965,0.19247539341449738
6,0.15901945531368256,0.18747909367084503
7,0.14814776182174683,0.1893305778503418
8,0.13727907836437225,0.19771137833595276
9,0.12603098154067993,0.21024666726589203
