epoch,train_loss,val_loss
1,0.35621705651283264,0.30653977394104004
2,0.2281476855278015,0.212129607796669
3,0.19723396003246307,0.19113291800022125
4,0.18001867830753326,0.1839800924062729
5,0.16689883172512054,0.18771696090698242
6,0.1582472324371338,0.17817620933055878
7,0.1466226577758789,0.1787470132112503
8,0.13933534920215607,0.17811480164527893
9,0.22392354905605316,0.3649962544441223
10,0.2864307463169098,0.3038663864135742
11,0.26818257570266724,0.2975836396217346
