epoch,train_loss,val_loss
1,0.3705187737941742,0.27359333634376526
2,0.23764166235923767,0.22188419103622437
3,0.2052994668483734,0.2127063125371933
4,0.18422728776931763,0.2050795704126358
5,0.16805751621723175,0.2046734094619751
6,0.1541898250579834,0.20493432879447937
7,0.13966047763824463,0.2183818221092224
8,0.12587125599384308,0.2233404964208603
