epoch,train_loss,val_loss
1,0.37263792753219604,0.27438485622406006
2,0.25060176849365234,0.26499444246292114
3,0.21231842041015625,0.2129732221364975
4,0.19244399666786194,0.2118847519159317
5,0.17681697010993958,0.19569283723831177
6,0.16614462435245514,0.19830113649368286
7,0.15388014912605286,0.20735324919223785
8,0.1440662294626236,0.21496626734733582
