epoch,train_loss,val_loss
1,0.352489173412323,0.2564097046852112
2,0.22779054939746857,0.22422458231449127
3,0.19638244807720184,0.2035389095544815
4,0.18008831143379211,0.1959369033575058
5,0.16462476551532745,0.20045387744903564
6,0.15228396654129028,0.2835867702960968
7,0.13808825612068176,0.21262474358081818
