epoch,train_loss,val_loss
1,0.35411903262138367,0.2983720302581787
2,0.23778873682022095,0.22562921047210693
3,0.20515410602092743,0.1991162747144699
4,0.18774747848510742,0.19559365510940552
5,0.1749451458454132,0.19908368587493896
6,0.1641501784324646,0.1912052184343338
7,0.1530986875295639,0.19239097833633423
8,0.14449404180049896,0.1908482164144516
9,0.1351737678050995,0.19967979192733765
10,0.12864093482494354,0.19460508227348328
11,0.11921998113393784,0.20584455132484436
