epoch,train_loss,val_loss
1,0.35295426845550537,0.38428980112075806
2,0.23291702568531036,0.2288261502981186
3,0.19932682812213898,0.20638974010944366
4,0.18097300827503204,0.21140843629837036
5,0.1683260053396225,0.21402448415756226
6,0.1562545895576477,0.2105487436056137
