epoch,train_loss,val_loss
1,0.30279552936553955,0.39607712626457214
2,0.21833252906799316,0.21897925436496735
3,0.19209446012973785,0.20106399059295654
4,0.17741698026657104,0.1957804262638092
5,0.1664147973060608,0.1940145343542099
6,0.15660494565963745,0.19064155220985413
7,0.14581498503684998,0.18166422843933105
8,0.13528943061828613,0.1927156299352646
9,0.12415815889835358,0.1916184425354004
10,0.11346527189016342,0.204603374004364
