epoch,train_loss,val_loss
1,0.2896263003349304,0.23006358742713928
2,0.204537495970726,0.1958358883857727
3,0.18173643946647644,0.18600939214229584
4,0.16752760112285614,0.18488754332065582
5,0.15545256435871124,0.18191230297088623
6,0.14322488009929657,0.1930237114429474
7,0.13123489916324615,0.19742806255817413
8,0.11909326910972595,0.22075115144252777
