epoch,train_loss,val_loss
1,0.3024972975254059,0.25615084171295166
2,0.21407751739025116,0.2034100890159607
3,0.18770909309387207,0.1909721940755844
4,0.17240788042545319,0.19232702255249023
5,0.16061656177043915,0.1821107715368271
6,0.14939264953136444,0.18452464044094086
7,0.13829848170280457,0.1861145943403244
8,0.12741556763648987,0.19282950460910797
