epoch,train_loss,val_loss
1,0.3411308825016022,0.2746480107307434
2,0.2276347279548645,0.21443705260753632
3,0.198791041970253,0.1936621367931366
4,0.1831067055463791,0.18617047369480133
5,0.17195089161396027,0.18485410511493683
6,0.16256017982959747,0.1861257404088974
7,0.15393246710300446,0.18743856251239777
8,0.14644382894039154,0.19027508795261383
