epoch,train_loss,val_loss
1,0.2996102273464203,0.23687288165092468
2,0.21501170098781586,0.22393681108951569
3,0.19037513434886932,0.19698522984981537
4,0.1751217544078827,0.19468915462493896
5,0.16355638206005096,0.1790197193622589
6,0.15171080827713013,0.18024519085884094
7,0.1389477252960205,0.18290162086486816
8,0.12722618877887726,0.1887427419424057
