epoch,train_loss,val_loss
1,0.34578511118888855,0.27205348014831543
2,0.23387864232063293,0.2207234650850296
3,0.20129400491714478,0.203700989484787
4,0.18373186886310577,0.20328764617443085
5,0.1709107756614685,0.183620423078537
6,0.16106566786766052,0.18448366224765778
7,0.15035398304462433,0.19040465354919434
8,0.13992182910442352,0.1919153779745102
