epoch,train_loss,val_loss
1,0.3333437740802765,0.2610529661178589
2,0.21688896417617798,0.20072051882743835
3,0.18812786042690277,0.19610880315303802
4,0.1712007373571396,0.19660182297229767
5,0.15816473960876465,0.19812043011188507
6,0.14524728059768677,0.2227671891450882
