epoch,train_loss,val_loss
1,0.35918858647346497,0.34025856852531433
2,0.23750925064086914,0.22926025092601776
3,0.2078007012605667,0.20319372415542603
4,0.1899997442960739,0.19551801681518555
5,0.1748271882534027,0.18930287659168243
6,0.16414788365364075,0.18325744569301605
7,0.1528792679309845,0.1861826330423355
8,0.14265021681785583,0.1792396605014801
9,0.13536109030246735,0.1889497935771942
10,0.12938451766967773,0.19290366768836975
11,0.11773001402616501,0.18638499081134796
