epoch,train_loss,val_loss
1,0.36537492275238037,0.26263049244880676
2,0.2455994337797165,0.23682008683681488
3,0.20868302881717682,0.22017692029476166
4,0.18823553621768951,0.20719236135482788
5,0.17630459368228912,0.22142989933490753
6,0.1619815081357956,0.1980835348367691
7,0.1456776112318039,0.20324480533599854
8,0.1312931925058365,0.20533493161201477
9,0.1138496845960617,0.21800975501537323
