epoch,train_loss,val_loss
1,0.35420435667037964,0.24019183218479156
2,0.22847989201545715,0.19701239466667175
3,0.19554735720157623,0.18068638443946838
4,0.17689839005470276,0.18538576364517212
5,0.16065992414951324,0.18894150853157043
6,0.1465064138174057,0.19733154773712158
