epoch,train_loss,val_loss
1,0.30282115936279297,0.24183160066604614
2,0.20981431007385254,0.21827954053878784
3,0.1868860125541687,0.21188423037528992
4,0.17287182807922363,0.23046749830245972
5,0.16109049320220947,0.20643985271453857
6,0.149771586060524,0.20641984045505524
7,0.13837972283363342,0.21108923852443695
8,0.12712015211582184,0.21023471653461456
9,0.11557230353355408,0.2367374300956726
