epoch,train_loss,val_loss
1,0.3421092629432678,0.2451634556055069
2,0.22933317720890045,0.20823748409748077
3,0.19799421727657318,0.2032640427350998
4,0.1769762635231018,0.21071825921535492
5,0.1588464379310608,0.20076718926429749
6,0.13849234580993652,0.21874085068702698
7,0.11997596174478531,0.21706531941890717
8,0.10244615375995636,0.24463091790676117
