epoch,train_loss,val_loss
1,0.28934240341186523,24.363481521606445
2,0.20758314430713654,0.19898748397827148
3,0.1849517673254013,0.18412218987941742
4,0.1700042188167572,0.18394918739795685
5,0.15706686675548553,0.18149757385253906
6,0.14463898539543152,0.18864192068576813
7,0.1318664252758026,0.19958995282649994
8,0.11937057971954346,0.2108668088912964
