epoch,train_loss,val_loss
1,0.42047205567359924,0.48363062739372253
2,0.36416810750961304,0.3609200119972229
3,0.34051862359046936,0.34842491149902344
4,0.3259522616863251,0.3374353051185608
5,0.3139377534389496,0.33063024282455444
6,0.3045118451118469,0.3322298526763916
7,0.2932634651660919,0.3322567641735077
8,0.28282803297042847,0.33236274123191833
