epoch,train_loss,val_loss
1,0.3462488651275635,0.2516648769378662
2,0.2299404889345169,0.24877136945724487
3,0.1950279325246811,0.21439845860004425
4,0.17412219941616058,0.19901299476623535
5,0.15757350623607635,0.19694499671459198
6,0.13957840204238892,0.20000793039798737
7,0.1264171600341797,0.21285465359687805
8,0.10499788075685501,0.2129877805709839
