epoch,train_loss,val_loss
1,0.36342689394950867,0.2710030972957611
2,0.2408439666032791,0.2179267853498459
3,0.20686611533164978,0.21182723343372345
4,0.18770989775657654,0.21497580409049988
5,0.17205367982387543,0.21376468241214752
6,0.1570362001657486,0.2196800857782364
