epoch,train_loss,val_loss
1,0.2891165614128113,0.2296479493379593
2,0.2079893946647644,0.20446822047233582
3,0.1852446049451828,0.18736732006072998
4,0.1702052503824234,0.18885551393032074
5,0.15679748356342316,0.1864248365163803
6,0.14345982670783997,0.1981889307498932
7,0.13031801581382751,0.2006167322397232
8,0.1179593950510025,0.19381661713123322
