epoch,train_loss,val_loss
1,0.36514779925346375,0.25219473242759705
2,0.23855458199977875,0.266129732131958
3,0.20332512259483337,0.2073822170495987
4,0.182682067155838,0.19738179445266724
5,0.16638043522834778,0.19150589406490326
6,0.14927026629447937,0.20191937685012817
7,0.13129891455173492,0.20935148000717163
8,0.11377671360969543,0.20828169584274292
