epoch,train_loss,val_loss
1,0.2862657904624939,0.2420172542333603
2,0.20561034977436066,0.19893001019954681
3,0.18230552971363068,0.1933925598859787
4,0.16753146052360535,0.19448724389076233
5,0.15434400737285614,0.20221182703971863
6,0.141892209649086,0.21060557663440704
