epoch,train_loss,val_loss
1,0.36543038487434387,0.31304532289505005
2,0.24456395208835602,0.22418199479579926
3,0.20805096626281738,0.20971636474132538
4,0.18755961954593658,0.19537687301635742
5,0.1730550080537796,0.18940864503383636
6,0.16805021464824677,0.18901562690734863
7,0.1511213779449463,0.19572731852531433
8,0.1375890076160431,0.21475742757320404
9,0.12680427730083466,0.23431845009326935
