epoch,train_loss,val_loss
1,0.3361409902572632,0.2532663345336914
2,0.22457949817180634,0.23747241497039795
3,0.19810068607330322,0.21656401455402374
4,0.17900244891643524,0.19358792901039124
5,0.16531223058700562,0.1840042769908905
6,0.1528225690126419,0.1833619922399521
7,0.14165432751178741,0.2044602483510971
8,0.13099370896816254,0.18964916467666626
9,0.11967427283525467,0.18777857720851898
