epoch,train_loss,val_loss
1,0.3468646705150604,0.26259133219718933
2,0.22490328550338745,0.2047024369239807
3,0.1953045278787613,0.19153636693954468
4,0.17772041261196136,0.19069582223892212
5,0.16536247730255127,0.18589535355567932
6,0.15474604070186615,0.19122731685638428
7,0.14419865608215332,0.18936732411384583
8,0.13327553868293762,0.18485450744628906
9,0.12398219108581543,0.1982526332139969
10,0.11162500828504562,0.19770680367946625
11,0.10167349874973297,0.21256689727306366
