epoch,train_loss,val_loss
1,0.34814539551734924,0.24352483451366425
2,0.22992412745952606,0.21713587641716003
3,0.200842022895813,0.22713199257850647
4,0.17839685082435608,0.1946769505739212
5,0.16304266452789307,0.19400654733181
6,0.1576373279094696,0.2190510779619217
7,0.13672633469104767,0.1984386146068573
8,0.12263379245996475,0.225027933716774
