epoch,train_loss,val_loss
1,0.3367282450199127,0.35042887926101685
2,0.2234230488538742,0.19866779446601868
3,0.19230519235134125,0.19002774357795715
4,0.17374153435230255,0.19170615077018738
5,0.1567041426897049,0.19718307256698608
6,0.14090147614479065,0.21814782917499542
