epoch,train_loss,val_loss
1,0.35819709300994873,0.3011608421802521
2,0.24935808777809143,0.2358732372522354
3,0.21317608654499054,0.2172594517469406
4,0.19213390350341797,0.20942868292331696
5,0.17657721042633057,0.20587393641471863
6,0.16594651341438293,0.20390549302101135
7,0.15054886043071747,0.21574507653713226
8,0.13768789172172546,0.22615672647953033
9,0.12380873411893845,0.23991073668003082
