epoch,train_loss,val_loss
1,0.2893596589565277,0.23721666634082794
2,0.21191810071468353,0.21223542094230652
3,0.1906057894229889,0.20681798458099365
4,0.17661771178245544,0.20737579464912415
5,0.164561465382576,0.20195956528186798
6,0.15302667021751404,0.21369050443172455
7,0.14055001735687256,0.21581527590751648
8,0.1279701292514801,0.23043414950370789
