epoch,train_loss,val_loss
1,0.34389176964759827,0.2377861589193344
2,0.23120783269405365,0.2008754163980484
3,0.19823101162910461,0.20650486648082733
4,0.17834427952766418,0.20858171582221985
5,0.16226834058761597,0.22840264439582825
