epoch,train_loss,val_loss
1,0.3733416795730591,0.2717512845993042
2,0.24824674427509308,0.22535493969917297
3,0.21229644119739532,0.2130512297153473
4,0.1995829939842224,0.2157278209924698
5,0.18253475427627563,0.2020961344242096
6,0.1672457456588745,0.20348669588565826
7,0.15629354119300842,0.20274581015110016
8,0.1431436836719513,0.21225927770137787
