epoch,train_loss,val_loss
1,0.3627202808856964,0.30029550194740295
2,0.22571951150894165,0.21302106976509094
3,0.19265884160995483,0.20156045258045197
4,0.1757967323064804,0.19181004166603088
5,0.16196586191654205,0.2028641402721405
6,0.1492072343826294,0.20201560854911804
7,0.13423192501068115,0.20154398679733276
