epoch,train_loss,val_loss
1,0.39450135827064514,0.4154961109161377
2,0.27617090940475464,0.2625458240509033
3,0.23384691774845123,0.23363293707370758
4,0.21022354066371918,0.22010394930839539
5,0.1926574558019638,0.22144201397895813
6,0.1769934743642807,0.225591242313385
7,0.16687200963497162,0.20498709380626678
8,0.16095946729183197,0.2033797651529312
9,0.1429489105939865,0.21620094776153564
10,0.1299489289522171,0.21583101153373718
11,0.11758758127689362,0.22481516003608704
