epoch,train_loss,val_loss
1,0.32144275307655334,0.26538729667663574
2,0.21542327105998993,0.2083912044763565
3,0.18895429372787476,0.20437361299991608
4,0.17502759397029877,0.19701337814331055
5,0.16326549649238586,0.18146401643753052
6,0.15166525542736053,0.1812218576669693
7,0.14104339480400085,0.1854439228773117
8,0.13028715550899506,0.19331222772598267
9,0.11878083646297455,0.20087049901485443
