epoch,train_loss,val_loss
1,0.3481401801109314,0.24192208051681519
2,0.2316897064447403,0.21631953120231628
3,0.2001648247241974,0.21518871188163757
4,0.17969030141830444,0.19602279365062714
5,0.16270455718040466,0.19504928588867188
6,0.14771470427513123,0.20448948442935944
7,0.12849640846252441,0.2334902137517929
8,0.11066653579473495,0.22132299840450287
