epoch,train_loss,val_loss
1,0.30931028723716736,0.30146223306655884
2,0.21623478829860687,0.2339567095041275
3,0.19289416074752808,0.2070269137620926
4,0.1789569854736328,0.2022639662027359
5,0.16865137219429016,0.19615760445594788
6,0.158736452460289,0.19369743764400482
7,0.14894051849842072,0.20663249492645264
8,0.13872890174388885,0.21366475522518158
9,0.1289796531200409,0.22012074291706085
