epoch,train_loss,val_loss
1,0.3073701858520508,0.24281057715415955
2,0.2147664874792099,0.2102828323841095
3,0.188189297914505,0.19134412705898285
4,0.17247052490711212,0.18478189408779144
5,0.16036789119243622,0.1864817589521408
6,0.14865538477897644,0.1870509386062622
7,0.13710364699363708,0.19957682490348816
