epoch,train_loss,val_loss
1,0.2929631173610687,0.24286650121212006
2,0.20809273421764374,0.2159145474433899
3,0.1848548799753189,0.19718311727046967
4,0.17001813650131226,0.19538982212543488
5,0.15666136145591736,0.19961099326610565
6,0.14407558739185333,0.1970985233783722
7,0.1306324154138565,0.2174871265888214
