epoch,train_loss,val_loss
1,0.29116493463516235,0.22316773235797882
2,0.2054876834154129,0.2165856808423996
3,0.18325510621070862,0.20068515837192535
4,0.168962761759758,0.18693913519382477
5,0.15643583238124847,0.19715939462184906
6,0.14308345317840576,0.19700837135314941
7,0.12918664515018463,0.19791477918624878
