epoch,train_loss,val_loss
1,0.38223889470100403,0.33431476354599
2,0.25770679116249084,0.23356738686561584
3,0.21824176609516144,0.21904180943965912
4,0.2021971493959427,0.19392672181129456
5,0.1857614666223526,0.18906696140766144
6,0.1746227890253067,0.20401699841022491
7,0.16771237552165985,0.19860950112342834
8,0.15594688057899475,0.18557409942150116
9,0.14436127245426178,0.19322185218334198
10,0.1402849555015564,0.22114546597003937
11,0.12818701565265656,0.19945502281188965
