epoch,train_loss,val_loss
1,0.30142444372177124,0.25967681407928467
2,0.21531926095485687,0.217696875333786
3,0.1912173181772232,0.19862519204616547
4,0.17631778120994568,0.1845652163028717
5,0.16525216400623322,0.18567579984664917
6,0.15616919100284576,0.1946272850036621
7,0.14604102075099945,0.19199275970458984
