epoch,train_loss,val_loss
1,0.38221895694732666,0.2819257378578186
2,0.2501752972602844,0.23686069250106812
3,0.2139241248369217,0.23377136886119843
4,0.19219298660755157,0.2212314009666443
5,0.17980119585990906,0.24085834622383118
6,0.16663001477718353,0.22561293840408325
7,0.15882578492164612,0.2274608016014099
