epoch,train_loss,val_loss
1,0.30383235216140747,0.26916471123695374
2,0.21405665576457977,0.21842101216316223
3,0.19078658521175385,0.20178210735321045
4,0.1770176738500595,0.19823923707008362
5,0.16510529816150665,0.19275376200675964
6,0.1539653241634369,0.19548368453979492
7,0.1428215056657791,0.1921575516462326
8,0.131352961063385,0.20350410044193268
9,0.11974877864122391,0.23253408074378967
10,0.11015449464321136,0.2430170625448227
