epoch,train_loss,val_loss
1,0.38044118881225586,0.3169535994529724
2,0.2627454400062561,0.25012558698654175
3,0.22516527771949768,0.22376398742198944
4,0.20722496509552002,0.21685858070850372
5,0.1967090517282486,0.21917912364006042
6,0.18726901710033417,0.2087363749742508
7,0.18332089483737946,0.21709860861301422
8,0.16949677467346191,0.2060186266899109
9,0.16297632455825806,0.21068397164344788
10,0.16001854836940765,0.21869058907032013
11,0.1484149843454361,0.21303357183933258
