epoch,train_loss,val_loss
1,0.33801698684692383,0.24342086911201477
2,0.2212425023317337,0.2058592289686203
3,0.1917605847120285,0.19659610092639923
4,0.17502963542938232,0.19537538290023804
5,0.1640382707118988,0.1933690458536148
6,0.1530495136976242,0.18228021264076233
7,0.14157193899154663,0.18609090149402618
8,0.1311468482017517,0.18681541085243225
9,0.1189567819237709,0.19077907502651215
