epoch,train_loss,val_loss
1,0.33665376901626587,0.2512178421020508
2,0.22409306466579437,0.21693120896816254
3,0.19785694777965546,0.20199014246463776
4,0.18013644218444824,0.20803554356098175
5,0.17046432197093964,0.21629565954208374
6,0.15942442417144775,0.19896002113819122
7,0.14966753125190735,0.185806006193161
8,0.14006838202476501,0.1950368732213974
9,0.13019655644893646,0.20290188491344452
10,0.12028197199106216,0.20069652795791626
