epoch,train_loss,val_loss
1,0.3498474657535553,0.2402598261833191
2,0.23030002415180206,0.22017814218997955
3,0.19617661833763123,0.19184117019176483
4,0.1763126105070114,0.20470745861530304
5,0.1594294309616089,0.22061868011951447
6,0.14603912830352783,0.1897861510515213
7,0.1274917721748352,0.18677851557731628
8,0.10864412039518356,0.21123498678207397
9,0.0931113138794899,0.22162440419197083
10,0.0784732773900032,0.24835661053657532
