epoch,train_loss,val_loss
1,0.29150569438934326,0.2437853366136551
2,0.208357572555542,0.2151646465063095
3,0.18651574850082397,0.19848479330539703
4,0.17333628237247467,0.19793803989887238
5,0.16222713887691498,0.20210300385951996
6,0.15243124961853027,0.20138271152973175
7,0.14299540221691132,0.2059849351644516
