epoch,train_loss,val_loss
1,0.34447652101516724,0.26190534234046936
2,0.22592315077781677,0.21194666624069214
3,0.19370447099208832,0.2191685438156128
4,0.17639078199863434,0.20365864038467407
5,0.1613609492778778,0.20077545940876007
6,0.14936763048171997,0.21041753888130188
7,0.13411669433116913,0.21555954217910767
8,0.11966973543167114,0.22153320908546448
