epoch,train_loss,val_loss
1,0.33695536851882935,0.28686103224754333
2,0.22676074504852295,0.2096741795539856
3,0.1951194852590561,0.1961602121591568
4,0.17423959076404572,0.19677601754665375
5,0.15679503977298737,0.19459035992622375
6,0.13841240108013153,0.2279013991355896
7,0.12115154415369034,0.21406367421150208
8,0.10187698155641556,0.25322961807250977
