epoch,train_loss,val_loss
1,0.3552398383617401,0.26874813437461853
2,0.23433835804462433,0.21702545881271362
3,0.19915001094341278,0.2006508708000183
4,0.1835586279630661,0.19618825614452362
5,0.16978177428245544,0.18537314236164093
6,0.15845362842082977,0.1962762176990509
7,0.1482568383216858,0.19398494064807892
8,0.13770203292369843,0.1858254075050354
