epoch,train_loss,val_loss
1,0.35216033458709717,0.27354589104652405
2,0.22494512796401978,0.22338585555553436
3,0.197265625,0.2066061794757843
4,0.1773848682641983,0.18954509496688843
5,0.16098317503929138,0.20427420735359192
6,0.1466289609670639,0.21591323614120483
7,0.12847012281417847,0.23722487688064575
