epoch,train_loss,val_loss
1,0.31540608406066895,0.23151138424873352
2,0.21590666472911835,0.2535068392753601
3,0.19331149756908417,0.24938912689685822
4,0.17914368212223053,0.18968608975410461
5,0.16723141074180603,0.19032125174999237
6,0.15546569228172302,0.1868981420993805
7,0.14298725128173828,0.18792308866977692
8,0.1294276863336563,0.18851839005947113
9,0.11547531187534332,0.20169849693775177
