epoch,train_loss,val_loss
1,0.3680189847946167,0.25929975509643555
2,0.23722372949123383,0.22174113988876343
3,0.2039925754070282,0.20908312499523163
4,0.18347902595996857,0.1983601152896881
5,0.16969935595989227,0.19429323077201843
6,0.15897385776042938,0.20110447704792023
7,0.14965789020061493,0.19731643795967102
8,0.13445624709129333,0.19609244167804718
