epoch,train_loss,val_loss
1,0.31784841418266296,0.41240134835243225
2,0.2196919023990631,0.220008984208107
3,0.19264216721057892,0.19928568601608276
4,0.17872680723667145,0.1941971331834793
5,0.1679495871067047,0.19027486443519592
6,0.15839150547981262,0.1994909942150116
7,0.15006251633167267,0.20075881481170654
8,0.1411144733428955,0.19591182470321655
