epoch,train_loss,val_loss
1,0.3906920552253723,0.4216431677341461
2,0.26518356800079346,0.25759807229042053
3,0.22657233476638794,0.23750975728034973
4,0.20406711101531982,0.2084980607032776
5,0.18574410676956177,0.2102150022983551
6,0.17307355999946594,0.32068297266960144
7,0.17550136148929596,0.20358788967132568
8,0.152350053191185,0.20297403633594513
9,0.14122816920280457,0.20857372879981995
10,0.12903150916099548,0.23087561130523682
11,0.11666896939277649,0.24330681562423706
