epoch,train_loss,val_loss
1,0.38094785809516907,0.29749971628189087
2,0.2638492286205292,0.26409849524497986
3,0.22966983914375305,0.23964273929595947
4,0.21073149144649506,0.22112704813480377
5,0.19684435427188873,0.22400487959384918
6,0.18459175527095795,0.20491260290145874
7,0.17312651872634888,0.21760644018650055
8,0.16304536163806915,0.20344926416873932
9,0.15266604721546173,0.2045518010854721
10,0.14455440640449524,0.21827052533626556
11,0.13996906578540802,0.20800554752349854
