epoch,train_loss,val_loss
1,0.3637189269065857,0.3602604568004608
2,0.24331766366958618,0.23217163980007172
3,0.2059345245361328,0.21050551533699036
4,0.18904557824134827,0.19963189959526062
5,0.17140290141105652,0.2101079821586609
6,0.1576048880815506,0.21378687024116516
7,0.1428891122341156,0.21659575402736664
