epoch,train_loss,val_loss
1,0.38113531470298767,0.2680768668651581
2,0.2578853666782379,0.22887709736824036
3,0.22092866897583008,0.20829284191131592
4,0.2014307975769043,0.20334230363368988
5,0.18705420196056366,0.1954249143600464
6,0.17376111447811127,0.19474683701992035
7,0.16843047738075256,0.19328592717647552
8,0.1538943648338318,0.21395330131053925
9,0.1417122483253479,0.20361648499965668
10,0.1358044594526291,0.21288111805915833
