epoch,train_loss,val_loss
1,0.3368450403213501,0.2598767578601837
2,0.22267897427082062,0.21736028790473938
3,0.1914817988872528,0.19080765545368195
4,0.17219898104667664,0.1874995231628418
5,0.15723179280757904,0.1792314648628235
6,0.14333130419254303,0.18703791499137878
7,0.12838104367256165,0.1931762397289276
8,0.11111035197973251,0.21051165461540222
