epoch,train_loss,val_loss
1,0.3364148736000061,0.24623075127601624
2,0.22864171862602234,0.21014092862606049
3,0.19566412270069122,0.21469147503376007
4,0.17485441267490387,0.21816159784793854
5,0.15644364058971405,0.19752533733844757
6,0.13999202847480774,0.20211592316627502
7,0.12292870879173279,0.2370123416185379
8,0.1067996546626091,0.2660818099975586
