epoch,train_loss,val_loss
1,0.3803209066390991,0.30846449732780457
2,0.25607430934906006,0.2285328507423401
3,0.21816448867321014,0.21643120050430298
4,0.1968035101890564,0.2150420844554901
5,0.1843617707490921,0.20128342509269714
6,0.17223379015922546,0.21217939257621765
7,0.16036798059940338,0.21397894620895386
8,0.1589602380990982,0.20305433869361877
