epoch,train_loss,val_loss
1,0.3139752745628357,0.24310116469860077
2,0.2181197702884674,0.22736284136772156
3,0.1946428269147873,0.19388441741466522
4,0.1732914000749588,0.18258966505527496
5,0.1574123650789261,0.2115131914615631
6,0.14122731983661652,0.20426248013973236
7,0.12539169192314148,0.21487700939178467
