epoch,train_loss,val_loss
1,0.3176107406616211,0.26987791061401367
2,0.21739371120929718,0.21754507720470428
3,0.19084061682224274,0.20650003850460052
4,0.17649826407432556,0.19426827132701874
5,0.16611012816429138,0.19244259595870972
6,0.15828393399715424,0.18820054829120636
7,0.1490911841392517,0.18797554075717926
8,0.14093005657196045,0.19194179773330688
9,0.1320938766002655,0.19826988875865936
10,0.12343274056911469,0.19437406957149506
