epoch,train_loss,val_loss
1,0.34658125042915344,0.24337470531463623
2,0.22968141734600067,0.2087252289056778
3,0.19652044773101807,0.2009650617837906
4,0.17590776085853577,0.19370272755622864
5,0.15737169981002808,0.1983220875263214
6,0.1432165950536728,0.20935232937335968
7,0.12045687437057495,0.2301293909549713
