epoch,train_loss,val_loss
1,0.30117619037628174,0.2501968741416931
2,0.2153436690568924,0.20707762241363525
3,0.18924935162067413,0.19817999005317688
4,0.173666313290596,0.19371983408927917
5,0.15979662537574768,0.19411137700080872
6,0.14566126465797424,0.20200662314891815
7,0.13079999387264252,0.20184355974197388
