epoch,train_loss,val_loss
1,0.3906829059123993,0.3200850188732147
2,0.31437259912490845,0.32452017068862915
3,0.2875415086746216,0.3370606005191803
4,0.2761426568031311,0.3187278211116791
5,0.29170775413513184,0.31935855746269226
6,0.31022968888282776,0.3465195298194885
7,0.29890286922454834,0.33178573846817017
