epoch,train_loss,val_loss
1,0.33589863777160645,0.35524001717567444
2,0.22374849021434784,0.20421679317951202
3,0.1925119161605835,0.19442325830459595
4,0.17587998509407043,0.19870050251483917
5,0.1628584861755371,0.18886426091194153
6,0.15183913707733154,0.1951853185892105
7,0.1420174390077591,0.20932596921920776
8,0.13023751974105835,0.21497832238674164
