epoch,train_loss,val_loss
1,0.29346445202827454,0.2379876673221588
2,0.20719139277935028,0.2120652049779892
3,0.18469908833503723,0.1971772015094757
4,0.17104914784431458,0.1940818428993225
5,0.15933312475681305,0.18938803672790527
6,0.147337406873703,0.20558369159698486
7,0.13471002876758575,0.2035747617483139
8,0.12128480523824692,0.21254855394363403
