epoch,train_loss,val_loss
1,0.3834085166454315,0.28697824478149414
2,0.2501634359359741,0.2164449840784073
3,0.2107001543045044,0.19993437826633453
4,0.19180074334144592,0.19141200184822083
5,0.17675307393074036,0.18702566623687744
6,0.16109110414981842,0.20468655228614807
7,0.14523820579051971,0.2029503881931305
8,0.13042020797729492,0.20936477184295654
