epoch,train_loss,val_loss
1,0.33213433623313904,0.25378793478012085
2,0.22056502103805542,0.2082710862159729
3,0.19365845620632172,0.20596057176589966
4,0.18074551224708557,0.1927555948495865
5,0.1711515635251999,0.20483344793319702
6,0.16175132989883423,0.19700069725513458
7,0.15351836383342743,0.19630874693393707
