epoch,train_loss,val_loss
1,0.3537871241569519,0.2862183749675751
2,0.2319333702325821,0.20296479761600494
3,0.20108909904956818,0.21100246906280518
4,0.18270179629325867,0.2057645469903946
5,0.1671445518732071,0.21693147718906403
