epoch,train_loss,val_loss
1,0.33860570192337036,0.25246819853782654
2,0.22767780721187592,0.22571414709091187
3,0.19284731149673462,0.20045191049575806
4,0.17138643562793732,0.1885661482810974
5,0.15194882452487946,0.20396648347377777
6,0.13318371772766113,0.21385730803012848
7,0.11538057029247284,0.22330480813980103
