epoch,train_loss,val_loss
1,0.3742746412754059,0.32169610261917114
2,0.24660725891590118,0.23708085715770721
3,0.20724019408226013,0.28609058260917664
4,0.18969494104385376,0.21185408532619476
5,0.1761581301689148,0.22030559182167053
6,0.1625651866197586,0.20062783360481262
7,0.15300896763801575,0.18990381062030792
8,0.14149025082588196,0.20197708904743195
9,0.129648357629776,0.20100924372673035
10,0.12646570801734924,0.20635148882865906
