epoch,train_loss,val_loss
1,0.3567575514316559,0.2962925136089325
2,0.23831482231616974,0.23286360502243042
3,0.20540988445281982,0.21074481308460236
4,0.18467828631401062,0.20966382324695587
5,0.17119306325912476,0.21291370689868927
6,0.15632358193397522,0.20898428559303284
7,0.14184661209583282,0.21222613751888275
8,0.1282014399766922,0.2229851335287094
9,0.11296838521957397,0.22800980508327484
