epoch,train_loss,val_loss
1,0.38015541434288025,0.3253244459629059
2,0.25082695484161377,0.23100581765174866
3,0.21222059428691864,0.2235388308763504
4,0.19316276907920837,0.2019103318452835
5,0.17904657125473022,0.19966846704483032
6,0.16834229230880737,0.18791259825229645
7,0.1581503301858902,0.19281989336013794
8,0.15048308670520782,0.19843941926956177
9,0.13893182575702667,0.20654283463954926
