epoch,train_loss,val_loss
1,0.3210461735725403,0.26017239689826965
2,0.21840322017669678,0.20608879625797272
3,0.18954741954803467,0.20401424169540405
4,0.17334838211536407,0.19016191363334656
5,0.16044937074184418,0.1962943822145462
6,0.15539544820785522,0.19399908185005188
7,0.13615937530994415,0.20129407942295074
