epoch,train_loss,val_loss
1,0.2937191128730774,0.22133401036262512
2,0.2080649733543396,0.21011921763420105
3,0.18453437089920044,0.186406672000885
4,0.17015987634658813,0.18612521886825562
5,0.15737555921077728,0.19131776690483093
6,0.14474138617515564,0.18853412568569183
7,0.13145989179611206,0.20629845559597015
