epoch,train_loss,val_loss
1,0.3121092915534973,0.24253731966018677
2,0.21362902224063873,0.2187216728925705
3,0.18975159525871277,0.2043854147195816
4,0.1761167198419571,0.19062842428684235
5,0.16564683616161346,0.19416217505931854
6,0.15580634772777557,0.1933651566505432
7,0.14650622010231018,0.20127470791339874
