epoch,train_loss,val_loss
1,0.3334795832633972,0.2480204552412033
2,0.22737568616867065,0.23175300657749176
3,0.19809061288833618,0.19291900098323822
4,0.1809401661157608,0.19680555164813995
5,0.16520296037197113,0.19900517165660858
6,0.14992840588092804,0.20935459434986115
