epoch,train_loss,val_loss
1,0.3822709918022156,0.38227784633636475
2,0.25534340739250183,0.24075469374656677
3,0.21531246602535248,0.200358584523201
4,0.20216365158557892,0.19410081207752228
5,0.1808408945798874,0.19296763837337494
6,0.1676640808582306,0.20384028553962708
7,0.1570321023464203,0.19682244956493378
8,0.14652197062969208,0.19981661438941956
