epoch,train_loss,val_loss
1,0.3395061492919922,0.27302923798561096
2,0.22097916901111603,0.201084166765213
3,0.18991824984550476,0.18952816724777222
4,0.17123618721961975,0.17931018769741058
5,0.15472166240215302,0.19177018105983734
6,0.1404770463705063,0.1954224556684494
7,0.12548671662807465,0.20602069795131683
