epoch,train_loss,val_loss
1,0.33867695927619934,0.25143301486968994
2,0.22609442472457886,0.23003821074962616
3,0.1963646560907364,0.19585780799388885
4,0.17793729901313782,0.2025475800037384
5,0.16706737875938416,0.19446538388729095
6,0.15425090491771698,0.18216609954833984
7,0.1406775861978531,0.18206967413425446
8,0.12963643670082092,0.18256470561027527
9,0.12280081957578659,0.19791758060455322
10,0.1072077602148056,0.20658992230892181
