epoch,train_loss,val_loss
1,0.348416805267334,0.25797155499458313
2,0.22862549126148224,0.21532143652439117
3,0.19804969429969788,0.2336275279521942
4,0.1811252385377884,0.20067228376865387
5,0.1662289798259735,0.20103779435157776
6,0.15399639308452606,0.19883441925048828
7,0.14001980423927307,0.21073582768440247
8,0.12635508179664612,0.21864889562129974
9,0.11101821810007095,0.2846090495586395
