epoch,train_loss,val_loss
1,0.31400129199028015,0.24140657484531403
2,0.21637052297592163,0.2186143696308136
3,0.1922541856765747,0.2006123661994934
4,0.17716287076473236,0.2027817815542221
5,0.16390106081962585,0.2052401453256607
6,0.15510722994804382,0.20755375921726227
