epoch,train_loss,val_loss
1,0.38269343972206116,0.300538033246994
2,0.25599396228790283,0.234947070479393
3,0.21618109941482544,0.21342149376869202
4,0.1983034312725067,0.20877645909786224
5,0.18229152262210846,0.20590320229530334
6,0.1701688915491104,0.20091672241687775
7,0.1577702909708023,0.1955912858247757
8,0.14664557576179504,0.2092224508523941
9,0.1352236121892929,0.20670536160469055
10,0.12157273292541504,0.23576399683952332
