epoch,train_loss,val_loss
1,0.34473875164985657,0.24201779067516327
2,0.22851358354091644,0.21124108135700226
3,0.19586564600467682,0.20202766358852386
4,0.17634569108486176,0.21602247655391693
5,0.15849871933460236,0.23873616755008698
6,0.14250023663043976,0.2258303463459015
