epoch,train_loss,val_loss
1,0.39671340584754944,0.31864142417907715
2,0.27389293909072876,0.5081337094306946
3,0.22720059752464294,0.21992385387420654
4,0.19948095083236694,0.20540964603424072
5,0.18247434496879578,0.20769037306308746
6,0.16907274723052979,0.20389319956302643
7,0.15965016186237335,0.2085089236497879
8,0.14400817453861237,0.22945155203342438
9,0.14072877168655396,0.22739852964878082
