epoch,train_loss,val_loss
1,0.35829704999923706,0.265733927488327
2,0.23231354355812073,0.2149793952703476
3,0.2000129669904709,0.20287173986434937
4,0.18100331723690033,0.2283894419670105
5,0.16536064445972443,0.23367896676063538
6,0.14906051754951477,0.21818409860134125
