epoch,train_loss,val_loss
1,0.3260643184185028,0.23327456414699554
2,0.21551614999771118,0.20471230149269104
3,0.18778257071971893,0.1993083953857422
4,0.17083287239074707,0.20164240896701813
5,0.15547624230384827,0.19264470040798187
6,0.14075657725334167,0.2098647654056549
7,0.1262935847043991,0.2157772332429886
8,0.10995753109455109,0.21560879051685333
