epoch,train_loss,val_loss
1,0.3251506984233856,0.25758302211761475
2,0.21526513993740082,0.2068241387605667
3,0.1864262819290161,0.20173905789852142
4,0.17007051408290863,0.20068667829036713
5,0.15525995194911957,0.19036713242530823
6,0.14223630726337433,0.19932138919830322
7,0.12480489164590836,0.21810081601142883
8,0.11035625636577606,0.2295141965150833
