epoch,train_loss,val_loss
1,0.39379775524139404,0.3501717150211334
2,0.2746675908565521,0.28080523014068604
3,0.2408919483423233,0.2958073616027832
4,0.2179129719734192,0.2399175614118576
5,0.20136411488056183,0.21437714993953705
6,0.1910841017961502,0.21266800165176392
7,0.17886483669281006,0.20574308931827545
8,0.16729427874088287,0.22678615152835846
9,0.16447405517101288,0.20606856048107147
10,0.1542689949274063,0.21472693979740143
