epoch,train_loss,val_loss
1,0.34958621859550476,0.2414322942495346
2,0.23102641105651855,0.20678403973579407
3,0.19900737702846527,0.19933991134166718
4,0.17966151237487793,0.20794318616390228
5,0.1643584668636322,0.19550783932209015
6,0.14634838700294495,0.20980504155158997
7,0.12942764163017273,0.21999742090702057
8,0.11333620548248291,0.22895783185958862
