epoch,train_loss,val_loss
1,0.3556942641735077,0.26051411032676697
2,0.23492097854614258,0.23076938092708588
3,0.2027018964290619,0.1928166002035141
4,0.18261417746543884,0.19156944751739502
5,0.16713112592697144,0.18699507415294647
6,0.15315178036689758,0.19161763787269592
7,0.13959339261054993,0.19570235908031464
8,0.12449146807193756,0.20130741596221924
