epoch,train_loss,val_loss
1,0.3679317533969879,0.32920926809310913
2,0.23982839286327362,0.2299928069114685
3,0.2060488611459732,0.21311353147029877
4,0.1878991425037384,0.2241719365119934
5,0.17368853092193604,0.20468534529209137
6,0.16207212209701538,0.20308101177215576
7,0.15041658282279968,0.20678307116031647
8,0.13883079588413239,0.24429136514663696
9,0.1263355165719986,0.24007101356983185
