epoch,train_loss,val_loss
1,0.33352795243263245,0.26091650128364563
2,0.22154122591018677,0.20114237070083618
3,0.1917317658662796,0.19765301048755646
4,0.17306405305862427,0.1944815069437027
5,0.1577589511871338,0.19135217368602753
6,0.1433156430721283,0.19243134558200836
7,0.1275470107793808,0.1951146125793457
8,0.11117014288902283,0.22697484493255615
