epoch,train_loss,val_loss
1,0.35465866327285767,0.259045273065567
2,0.23011846840381622,0.21364302933216095
3,0.20172081887722015,0.19251345098018646
4,0.183620423078537,0.19285501539707184
5,0.1694808304309845,0.18690720200538635
6,0.15617923438549042,0.19136959314346313
7,0.1455792933702469,0.19613927602767944
8,0.13638323545455933,0.1987282782793045
