epoch,train_loss,val_loss
1,0.35971876978874207,0.24116870760917664
2,0.23839429020881653,0.20348221063613892
3,0.20432895421981812,0.19979991018772125
4,0.18587177991867065,0.19198071956634521
5,0.16966651380062103,0.1892557144165039
6,0.1568523496389389,0.1996719241142273
7,0.1429862678050995,0.20909959077835083
8,0.12741512060165405,0.22840899229049683
