epoch,train_loss,val_loss
1,0.3663587272167206,0.29265686869621277
2,0.24052013456821442,0.23294948041439056
3,0.20442602038383484,0.22134195268154144
4,0.18635235726833344,0.2046610713005066
5,0.17152905464172363,0.19589008390903473
6,0.15995261073112488,0.19782288372516632
7,0.14828455448150635,0.20768091082572937
8,0.13648974895477295,0.21326737105846405
