epoch,train_loss,val_loss
1,0.32860055565834045,0.2393806278705597
2,0.2141808122396469,0.21851874887943268
3,0.18541836738586426,0.1979566365480423
4,0.16933265328407288,0.1847367137670517
5,0.15502074360847473,0.22570772469043732
6,0.1414387971162796,0.20955796539783478
7,0.13063716888427734,0.22626107931137085
