epoch,train_loss,val_loss
1,0.3624006509780884,0.2730254828929901
2,0.2339783012866974,0.22470644116401672
3,0.20312343537807465,0.22313129901885986
4,0.18407410383224487,0.21036989986896515
5,0.17254319787025452,0.2191060185432434
6,0.16091421246528625,0.1935441941022873
7,0.17498329281806946,0.20306240022182465
8,0.1481708586215973,0.1845555603504181
9,0.13417662680149078,0.19714990258216858
10,0.12340892851352692,0.21042755246162415
11,0.11375761032104492,0.21431919932365417
