epoch,train_loss,val_loss
1,0.315394788980484,0.2668599486351013
2,0.2143433690071106,0.20981387794017792
3,0.19116897881031036,0.20452305674552917
4,0.177154079079628,0.21240466833114624
5,0.1668253242969513,0.1975894272327423
6,0.15772269666194916,0.19646704196929932
7,0.14917506277561188,0.1917749047279358
8,0.13939034938812256,0.2012554407119751
9,0.12848304212093353,0.20388157665729523
10,0.11985904723405838,0.21450486779212952
