epoch,train_loss,val_loss
1,0.3622896373271942,0.27362051606178284
2,0.24061539769172668,0.23884230852127075
3,0.20677141845226288,0.21258382499217987
4,0.18790829181671143,0.20601338148117065
5,0.17601262032985687,0.20013326406478882
6,0.17340247333049774,0.1927664875984192
7,0.1579204797744751,0.20323750376701355
8,0.14688445627689362,0.20210479199886322
9,0.13581568002700806,0.21486788988113403
