epoch,train_loss,val_loss
1,0.3829052746295929,0.2959326207637787
2,0.27226755023002625,0.2773329019546509
3,0.22734762728214264,0.2118571251630783
4,0.20300759375095367,0.2055307924747467
5,0.18901100754737854,0.1981339007616043
6,0.17584994435310364,0.202100470662117
7,0.1648372858762741,0.19331544637680054
8,0.15222497284412384,0.19847342371940613
9,0.13769163191318512,0.21614493429660797
10,0.12420615553855896,0.23093906044960022
