epoch,train_loss,val_loss
1,0.40143483877182007,0.3153343200683594
2,0.29256314039230347,0.2671903669834137
3,0.2568894028663635,0.2523486912250519
4,0.23649725317955017,0.246722012758255
5,0.21916703879833221,0.26525789499282837
6,0.20891202986240387,0.23360782861709595
7,0.2023724764585495,0.24124425649642944
8,0.18501098453998566,0.2300821840763092
9,0.17281600832939148,0.2490214705467224
10,0.1634661853313446,0.2576150894165039
11,0.1546761840581894,0.30379819869995117
