epoch,train_loss,val_loss
1,0.3363402783870697,0.2649800181388855
2,0.22716136276721954,0.22573211789131165
3,0.1967438906431198,0.19472184777259827
4,0.18095457553863525,0.20202477276325226
5,0.16909407079219818,0.21726813912391663
6,0.15882256627082825,0.21214735507965088
