epoch,train_loss,val_loss
1,0.30327147245407104,0.31578710675239563
2,0.21279719471931458,0.21590621769428253
3,0.18923278152942657,0.20900054275989532
4,0.17539304494857788,0.19628116488456726
5,0.16447414457798004,0.1989598572254181
6,0.15364360809326172,0.200952410697937
7,0.14220720529556274,0.20172227919101715
