epoch,train_loss,val_loss
1,0.3585655391216278,0.2938132584095001
2,0.23035109043121338,0.22256547212600708
3,0.1979435831308365,0.2091701477766037
4,0.1789630949497223,0.19634228944778442
5,0.16485273838043213,0.18807099759578705
6,0.15455424785614014,0.1964128017425537
7,0.1366201788187027,0.19098612666130066
8,0.11927282810211182,0.19767853617668152
