epoch,train_loss,val_loss
1,0.345014363527298,0.24159421026706696
2,0.22824272513389587,0.23487427830696106
3,0.1981525421142578,0.20469321310520172
4,0.17987945675849915,0.20066164433956146
5,0.16339197754859924,0.1895819753408432
6,0.15115521848201752,0.19041037559509277
7,0.13503658771514893,0.20079173147678375
8,0.1207769587635994,0.1981385201215744
