epoch,train_loss,val_loss
1,0.2881719172000885,0.223469078540802
2,0.2082485854625702,0.21414928138256073
3,0.18540434539318085,0.19485139846801758
4,0.17113074660301208,0.1880325824022293
5,0.1585984081029892,0.18366311490535736
6,0.1467936933040619,0.18444639444351196
7,0.1335914134979248,0.196571946144104
8,0.12119343131780624,0.20164139568805695
