epoch,train_loss,val_loss
1,0.3477632403373718,0.25381559133529663
2,0.2300107181072235,0.20474837720394135
3,0.19703559577465057,0.21291974186897278
4,0.17696912586688995,0.1975555270910263
5,0.15883968770503998,0.203775554895401
6,0.1418801099061966,0.20831182599067688
7,0.1253814995288849,0.1965770572423935
8,0.10923921316862106,0.2284480631351471
9,0.09590137749910355,0.26045069098472595
10,0.08090046793222427,0.26366543769836426
