epoch,train_loss,val_loss
1,0.325554758310318,0.24575132131576538
2,0.21880993247032166,0.20799952745437622
3,0.19123117625713348,0.19427970051765442
4,0.17286473512649536,0.1920560747385025
5,0.15824955701828003,0.18413768708705902
6,0.14608636498451233,0.18948987126350403
7,0.1334770768880844,0.19870124757289886
8,0.12347778677940369,0.21321123838424683
