epoch,train_loss,val_loss
1,0.3656347692012787,0.26824751496315
2,0.24358849227428436,0.2238606959581375
3,0.20859910547733307,0.20946909487247467
4,0.1896444410085678,0.19112756848335266
5,0.1771782636642456,0.19550269842147827
6,0.16823938488960266,0.23117691278457642
7,0.16356505453586578,0.21294289827346802
