epoch,train_loss,val_loss
1,0.40461909770965576,0.5464490652084351
2,0.3483053147792816,0.3449891209602356
3,0.330996572971344,0.34841442108154297
4,0.3165401518344879,0.3469617962837219
5,0.3058668076992035,0.34698405861854553
