epoch,train_loss,val_loss
1,0.36315542459487915,0.2853427231311798
2,0.24465201795101166,0.25283148884773254
3,0.21152950823307037,0.21668536961078644
4,0.19157476723194122,0.2157806009054184
5,0.17737188935279846,0.20720618963241577
6,0.163094162940979,0.21567921340465546
7,0.1477005034685135,0.20824290812015533
8,0.1317594200372696,0.22021108865737915
