epoch,train_loss,val_loss
1,0.30042901635169983,0.24243472516536713
2,0.2078785002231598,0.2030075192451477
3,0.18591058254241943,0.1998845636844635
4,0.17323772609233856,0.18894223868846893
5,0.16280028223991394,0.18452967703342438
6,0.1525184065103531,0.18391183018684387
7,0.14183825254440308,0.18794287741184235
8,0.13039152324199677,0.19289588928222656
9,0.11813291162252426,0.19242244958877563
