epoch,train_loss,val_loss
1,0.38951051235198975,0.31967076659202576
2,0.268736332654953,0.25425347685813904
3,0.2237345576286316,0.2191208451986313
4,0.20195801556110382,0.21052402257919312
5,0.18772542476654053,0.20914246141910553
6,0.17324227094650269,0.20743770897388458
7,0.1591605842113495,0.22894379496574402
8,0.14723451435565948,0.22596442699432373
9,0.13274535536766052,0.2611205577850342
