epoch,train_loss,val_loss
1,0.32232287526130676,0.24547959864139557
2,0.21562346816062927,0.19939909875392914
3,0.1871396005153656,0.19268779456615448
4,0.16936156153678894,0.19451923668384552
5,0.1561162918806076,0.19757291674613953
6,0.14276506006717682,0.20334500074386597
