epoch,train_loss,val_loss
1,0.3556133210659027,0.27407097816467285
2,0.2363732010126114,0.2128167301416397
3,0.20409323275089264,0.20956309139728546
4,0.18769386410713196,0.20309403538703918
5,0.17503727972507477,0.20659692585468292
6,0.16074666380882263,0.20187437534332275
7,0.14968466758728027,0.20746518671512604
8,0.1367620974779129,0.21308282017707825
9,0.12201480567455292,0.21915729343891144
