epoch,train_loss,val_loss
1,0.3655281364917755,0.28005915880203247
2,0.2364291399717331,0.23598931729793549
3,0.20575498044490814,0.22608652710914612
4,0.18699978291988373,0.19813700020313263
5,0.17256703972816467,0.19145992398262024
6,0.16017191112041473,0.2042958289384842
7,0.1522683948278427,0.19677889347076416
8,0.1399703472852707,0.20906458795070648
