epoch,train_loss,val_loss
1,0.3786862790584564,0.27508193254470825
2,0.24696481227874756,0.2253957986831665
3,0.21125100553035736,0.2059454321861267
4,0.19205951690673828,0.21349650621414185
5,0.17996174097061157,0.24856634438037872
6,0.16854354739189148,0.19646508991718292
7,0.1508713811635971,0.2109059989452362
8,0.13413409888744354,0.21999777853488922
9,0.11687776446342468,0.238685742020607
