epoch,train_loss,val_loss
1,0.3504719138145447,0.252781480550766
2,0.23203320801258087,0.21685771644115448
3,0.19723035395145416,0.21606101095676422
4,0.17949219048023224,0.1957414150238037
5,0.16183343529701233,0.193264901638031
6,0.14666807651519775,0.20676474273204803
7,0.13149048388004303,0.23354652523994446
8,0.11534511297941208,0.22588376700878143
