epoch,train_loss,val_loss
1,0.2873780131340027,0.2264554649591446
2,0.20685839653015137,0.19833672046661377
3,0.1858423799276352,0.1931624412536621
4,0.17327173054218292,0.18632324039936066
5,0.16182555258274078,0.18426679074764252
6,0.1508682668209076,0.19063615798950195
7,0.1394745111465454,0.1973182111978531
8,0.1273564100265503,0.1974145770072937
