epoch,train_loss,val_loss
1,0.37333253026008606,0.3329443037509918
2,0.2492087334394455,0.2481793463230133
3,0.21297603845596313,0.21084697544574738
4,0.19388103485107422,0.19911110401153564
5,0.1823599636554718,0.19283540546894073
6,0.17126451432704926,0.20466628670692444
7,0.16857431828975677,0.19785861670970917
8,0.15504087507724762,0.20680291950702667
