epoch,train_loss,val_loss
1,0.39319756627082825,0.4749111533164978
2,0.26102176308631897,0.22632792592048645
3,0.22009950876235962,0.22106444835662842
4,0.19483396410942078,0.21817147731781006
5,0.17791129648685455,0.2145317643880844
6,0.17871999740600586,0.19868002831935883
7,0.1543741375207901,0.2001848816871643
8,0.14185146987438202,0.2130935937166214
9,0.12799936532974243,0.20442776381969452
