epoch,train_loss,val_loss
1,0.3728698790073395,0.31860220432281494
2,0.2507535517215729,0.2254975289106369
3,0.21043168008327484,0.19836126267910004
4,0.19044870138168335,0.18886509537696838
5,0.17575839161872864,0.18802183866500854
6,0.16579513251781464,0.19298508763313293
7,0.15819837152957916,0.1916249841451645
8,0.14522303640842438,0.20050452649593353
