epoch,train_loss,val_loss
1,0.3683834373950958,0.2777816355228424
2,0.25341832637786865,0.2469778209924698
3,0.2180209904909134,0.31501877307891846
4,0.19933556020259857,0.2145000547170639
5,0.18532322347164154,0.2069779634475708
6,0.17533555626869202,0.21535487473011017
7,0.1639656126499176,0.20757876336574554
8,0.15442705154418945,0.21471327543258667
