epoch,train_loss,val_loss
1,0.33615636825561523,0.2576606869697571
2,0.22304609417915344,0.2081959843635559
3,0.19139470160007477,0.19291990995407104
4,0.17519976198673248,0.19595909118652344
5,0.16293556988239288,0.1794425994157791
6,0.15191319584846497,0.1826886236667633
7,0.1441689282655716,0.18490628898143768
8,0.13266730308532715,0.1839861273765564
