epoch,train_loss,val_loss
1,0.35898083448410034,0.25506386160850525
2,0.23466944694519043,0.2169506847858429
3,0.20130407810211182,0.19885553419589996
4,0.18441227078437805,0.193226620554924
5,0.1695961058139801,0.20321597158908844
6,0.1572265625,0.19159282743930817
7,0.14432230591773987,0.20632660388946533
8,0.1316898763179779,0.20130310952663422
9,0.11881611496210098,0.21627843379974365
