epoch,train_loss,val_loss
1,0.28907880187034607,0.22763440012931824
2,0.20693738758563995,0.20572420954704285
3,0.1852637678384781,0.20196498930454254
4,0.1721808910369873,0.19004292786121368
5,0.16107700765132904,0.18913009762763977
6,0.14986824989318848,0.18776173889636993
7,0.13850505650043488,0.19877909123897552
8,0.1275089532136917,0.211087167263031
9,0.11657559871673584,0.2145669013261795
