epoch,train_loss,val_loss
1,0.3524676561355591,0.24862182140350342
2,0.23135915398597717,0.2076907604932785
3,0.19708360731601715,0.19848774373531342
4,0.1798097789287567,0.18599791824817657
5,0.16487610340118408,0.22423239052295685
6,0.15230827033519745,0.1909761130809784
7,0.14025574922561646,0.22864989936351776
