epoch,train_loss,val_loss
1,0.2875605523586273,0.22747333347797394
2,0.20504902303218842,0.21428890526294708
3,0.18283970654010773,0.19532060623168945
4,0.16784580051898956,0.20024897158145905
5,0.15469606220722198,0.2094579041004181
6,0.1412774920463562,0.2083071768283844
