epoch,train_loss,val_loss
1,0.29463469982147217,0.22798742353916168
2,0.20776070654392242,0.2074480652809143
3,0.18416517972946167,0.19702303409576416
4,0.1701786071062088,0.19139929115772247
5,0.15807586908340454,0.1975000500679016
6,0.14737024903297424,0.20399315655231476
7,0.13656996190547943,0.202201709151268
