epoch,train_loss,val_loss
1,0.2881535291671753,0.2589508891105652
2,0.20857466757297516,0.20562253892421722
3,0.18652735650539398,0.19925130903720856
4,0.17220653593540192,0.202212393283844
5,0.15978564321994781,0.20006173849105835
6,0.14658646285533905,0.1981692910194397
7,0.1330893635749817,0.2066802829504013
8,0.11916056275367737,0.2179277241230011
9,0.10596223920583725,0.23697850108146667
