epoch,train_loss,val_loss
1,0.37996435165405273,0.2940138578414917
2,0.24768178164958954,0.22899489104747772
3,0.2111782431602478,0.21330001950263977
4,0.1908292919397354,0.2218015044927597
5,0.17566069960594177,0.22716814279556274
6,0.16367414593696594,0.20734107494354248
7,0.15159393846988678,0.19889508187770844
8,0.13894924521446228,0.19645486772060394
9,0.12689001858234406,0.2103763073682785
10,0.11234688013792038,0.22714954614639282
11,0.09928502142429352,0.2532004415988922
