epoch,train_loss,val_loss
1,0.2998543083667755,0.24021443724632263
2,0.21111591160297394,0.20848944783210754
3,0.18725942075252533,0.2068900763988495
4,0.17312677204608917,0.19774240255355835
5,0.16088752448558807,0.20011001825332642
6,0.14848923683166504,0.21016690135002136
7,0.1354152262210846,0.20738473534584045
