epoch,train_loss,val_loss
1,0.3635821044445038,0.26547327637672424
2,0.2484467327594757,0.22951623797416687
3,0.2095455527305603,0.20509877800941467
4,0.18828462064266205,0.1988707184791565
5,0.1727924942970276,0.19451218843460083
6,0.1636061668395996,0.19149848818778992
7,0.14555107057094574,0.19315002858638763
8,0.1312643140554428,0.2034386247396469
9,0.11830943077802658,0.21060647070407867
