epoch,train_loss,val_loss
1,0.2970089316368103,0.236216738820076
2,0.2084486484527588,0.20435036718845367
3,0.18449553847312927,0.20083701610565186
4,0.17079387605190277,0.19766144454479218
5,0.159449502825737,0.19631803035736084
6,0.14881154894828796,0.19663487374782562
7,0.13834220170974731,0.22514235973358154
8,0.12760323286056519,0.20071913301944733
