epoch,train_loss,val_loss
1,0.3327610194683075,0.27378278970718384
2,0.22012177109718323,0.21509617567062378
3,0.1890072077512741,0.19494618475437164
4,0.17176787555217743,0.20301325619220734
5,0.15592093765735626,0.198013573884964
6,0.14267148077487946,0.20622597634792328
