epoch,train_loss,val_loss
1,0.3572008013725281,0.24663802981376648
2,0.23669110238552094,0.21144570410251617
3,0.20339956879615784,0.19010935723781586
4,0.1822592318058014,0.20591598749160767
5,0.1680850088596344,0.18949410319328308
6,0.15319955348968506,0.19963693618774414
7,0.13869152963161469,0.20688290894031525
8,0.1230304166674614,0.20473618805408478
