epoch,train_loss,val_loss
1,0.4150230884552002,0.32348203659057617
2,0.2886439561843872,0.2990826964378357
3,0.24445794522762299,0.23300570249557495
4,0.21895071864128113,0.2296430766582489
5,0.2036452442407608,0.23367391526699066
6,0.19137929379940033,0.24436244368553162
7,0.17863522469997406,0.2857239544391632
