epoch,train_loss,val_loss
1,0.3550228774547577,0.37406671047210693
2,0.23572170734405518,0.2568119168281555
3,0.20044171810150146,0.20434196293354034
4,0.1772484928369522,0.19782565534114838
5,0.16018834710121155,0.22805480659008026
6,0.14397211372852325,0.20630419254302979
7,0.12692981958389282,0.22083993256092072
