epoch,train_loss,val_loss
1,0.36656373739242554,0.29366591572761536
2,0.24215595424175262,0.23587873578071594
3,0.21171319484710693,0.2012917846441269
4,0.19160175323486328,0.19433839619159698
5,0.18196655809879303,0.18899527192115784
6,0.16903769969940186,0.19025680422782898
7,0.1584601104259491,0.19065789878368378
8,0.14498445391654968,0.19817452132701874
