epoch,train_loss,val_loss
1,0.3875226378440857,0.30133897066116333
2,0.26040947437286377,0.2722945511341095
3,0.22411787509918213,0.25203758478164673
4,0.2058066427707672,0.21066780388355255
5,0.18958450853824615,0.2197398692369461
6,0.17778722941875458,0.2157290279865265
7,0.1617301106452942,0.2122288942337036
