epoch,train_loss,val_loss
1,0.29727599024772644,0.2772240936756134
2,0.21479782462120056,0.2173096239566803
3,0.19280606508255005,0.20329053699970245
4,0.17975208163261414,0.20200906693935394
5,0.16852006316184998,0.18817223608493805
6,0.15794222056865692,0.1921568214893341
7,0.14710859954357147,0.22019097208976746
8,0.1353236585855484,0.21392197906970978
