epoch,train_loss,val_loss
1,0.3671303987503052,0.8693576455116272
2,0.23808741569519043,0.21934694051742554
3,0.2030002772808075,0.23692753911018372
4,0.18055209517478943,0.2034524828195572
5,0.16296268999576569,0.21004246175289154
6,0.14850576221942902,0.2040099799633026
7,0.140395388007164,0.2153327912092209
