epoch,train_loss,val_loss
1,0.31352582573890686,0.2732664942741394
2,0.2197335958480835,0.2099120169878006
3,0.19461174309253693,0.19667448103427887
4,0.17962047457695007,0.19327960908412933
5,0.16732017695903778,0.1948745846748352
6,0.15480530261993408,0.195816308259964
7,0.1418483704328537,0.2061927616596222
