epoch,train_loss,val_loss
1,0.36523503065109253,0.2755676805973053
2,0.24138133227825165,0.20874646306037903
3,0.20584425330162048,0.20305253565311432
4,0.18541409075260162,0.1917068362236023
5,0.16962601244449615,0.19737619161605835
6,0.15773947536945343,0.19093020260334015
7,0.14097952842712402,0.20514614880084991
8,0.12480070441961288,0.22103817760944366
9,0.11180810630321503,0.22990216314792633
