epoch,train_loss,val_loss
1,0.3583688735961914,0.2700464725494385
2,0.2367713749408722,0.21832044422626495
3,0.20880307257175446,0.20823650062084198
4,0.19224964082241058,0.21285919845104218
5,0.17631085216999054,0.1845037043094635
6,0.1724317967891693,0.18890006840229034
7,0.15910029411315918,0.19067798554897308
8,0.14925122261047363,0.20796218514442444
