epoch,train_loss,val_loss
1,0.3403698205947876,0.25724729895591736
2,0.22611190378665924,0.20124393701553345
3,0.19489414989948273,0.20382943749427795
4,0.17640021443367004,0.19950369000434875
5,0.1606067568063736,0.2159704566001892
6,0.14626502990722656,0.21266186237335205
7,0.13035067915916443,0.2099846452474594
