epoch,train_loss,val_loss
1,0.36173224449157715,0.26856905221939087
2,0.23937273025512695,0.2264455407857895
3,0.2086907923221588,0.2159094363451004
4,0.18782392144203186,0.21054524183273315
5,0.17300809919834137,0.21375954151153564
6,0.1604376584291458,0.21727460622787476
7,0.14654168486595154,0.23902499675750732
