epoch,train_loss,val_loss
1,0.3445153832435608,0.2488226592540741
2,0.22913241386413574,0.23474028706550598
3,0.19695185124874115,0.1982453465461731
4,0.17553335428237915,0.19628965854644775
5,0.15902923047542572,0.19045650959014893
6,0.1422508955001831,0.2040623277425766
7,0.12359613180160522,0.18890105187892914
8,0.1074957400560379,0.21140021085739136
9,0.09553501754999161,0.23880860209465027
10,0.07844188809394836,0.23869700729846954
