epoch,train_loss,val_loss
1,0.35259687900543213,0.26313695311546326
2,0.23766924440860748,0.25615790486335754
3,0.20388983190059662,0.2124539613723755
4,0.18535341322422028,0.20204995572566986
5,0.16766542196273804,0.2028426229953766
6,0.1520272195339203,0.20557180047035217
7,0.1370636373758316,0.2070760279893875
