epoch,train_loss,val_loss
1,0.3917218744754791,0.30407848954200745
2,0.26496535539627075,0.22261740267276764
3,0.21541327238082886,0.2099458873271942
4,0.19486604630947113,0.2180965691804886
5,0.1798565685749054,0.2089286893606186
6,0.1663902848958969,0.2299128919839859
7,0.15366864204406738,0.20429956912994385
8,0.15079191327095032,0.20306771993637085
9,0.12738291919231415,0.2094913125038147
10,0.11008509993553162,0.2574694752693176
11,0.10039765387773514,0.25297799706459045
