epoch,train_loss,val_loss
1,0.345894992351532,0.2481153905391693
2,0.2261020541191101,0.2142527550458908
3,0.19475676119327545,0.19726558029651642
4,0.17620165646076202,0.19350546598434448
5,0.1652269810438156,0.19940443336963654
6,0.1463458091020584,0.21375621855258942
7,0.1290999948978424,0.21651433408260345
