epoch,train_loss,val_loss
1,0.3647014796733856,0.3139697015285492
2,0.2509251832962036,0.25090518593788147
3,0.21654213964939117,0.20706087350845337
4,0.19839711487293243,0.19588659703731537
5,0.18427377939224243,0.19363199174404144
6,0.17102058231830597,0.1882735788822174
7,0.16134898364543915,0.18449702858924866
8,0.15156100690364838,0.19404898583889008
9,0.13941718637943268,0.1970861703157425
10,0.12882553040981293,0.19536785781383514
