epoch,train_loss,val_loss
1,0.311670184135437,0.26235294342041016
2,0.22057971358299255,0.2215295135974884
3,0.19616828858852386,0.21281081438064575
4,0.18273018300533295,0.20623145997524261
5,0.17260120809078217,0.21344159543514252
6,0.1628466248512268,0.211276113986969
7,0.15298786759376526,0.19728106260299683
8,0.14240507781505585,0.19714359939098358
9,0.13110120594501495,0.21277457475662231
10,0.119550421833992,0.21789070963859558
11,0.10851597040891647,0.2375902682542801
