epoch,train_loss,val_loss
1,0.33884963393211365,0.22796498239040375
2,0.22289374470710754,0.21363045275211334
3,0.19399692118167877,0.232315793633461
4,0.17692787945270538,0.20267817378044128
5,0.16379393637180328,0.200398251414299
6,0.15770146250724792,0.19534435868263245
7,0.1450193077325821,0.19223308563232422
8,0.13105715811252594,0.19510622322559357
9,0.13020013272762299,0.196491077542305
10,0.11354106664657593,0.19425323605537415
