epoch,train_loss,val_loss
1,0.35786712169647217,0.2524545192718506
2,0.23576588928699493,0.23420876264572144
3,0.20233096182346344,0.1990204155445099
4,0.185655876994133,0.18939311802387238
5,0.17673727869987488,0.18995504081249237
6,0.16403727233409882,0.21594054996967316
7,0.16731694340705872,0.2050144523382187
