epoch,train_loss,val_loss
1,0.2878309488296509,0.24094077944755554
2,0.20939433574676514,0.2403774857521057
3,0.18668925762176514,0.19453448057174683
4,0.17137858271598816,0.19288089871406555
5,0.15823990106582642,0.1932189017534256
6,0.14488354325294495,0.1958501935005188
7,0.13176405429840088,0.21085673570632935
