epoch,train_loss,val_loss
1,0.3531533479690552,0.28914329409599304
2,0.243843674659729,0.22996874153614044
3,0.21218685805797577,0.22080427408218384
4,0.1911994218826294,0.21167075634002686
5,0.1762731671333313,0.1992494910955429
6,0.1665792167186737,0.20151683688163757
7,0.15459267795085907,0.20741324126720428
8,0.14515933394432068,0.21612973511219025
