epoch,train_loss,val_loss
1,0.2964183986186981,0.2207387536764145
2,0.2086082547903061,0.2070864588022232
3,0.1831422746181488,0.1964348405599594
4,0.16816093027591705,0.20630183815956116
5,0.15514050424098969,0.2011093646287918
6,0.14252261817455292,0.20579659938812256
