epoch,train_loss,val_loss
1,0.3723945915699005,0.28430548310279846
2,0.2525009214878082,0.2244483083486557
3,0.2126832753419876,0.20943748950958252
4,0.19239673018455505,0.2970087230205536
5,0.17650549113750458,0.2061712145805359
6,0.16517403721809387,0.22782735526561737
7,0.1509118676185608,0.2178780734539032
8,0.13493408262729645,0.2175678312778473
