epoch,train_loss,val_loss
1,0.29180943965911865,0.23668667674064636
2,0.20669512450695038,0.1973319798707962
3,0.1824532449245453,0.188939169049263
4,0.16805613040924072,0.18526071310043335
5,0.15439623594284058,0.18755680322647095
6,0.14049100875854492,0.19240206480026245
7,0.12573498487472534,0.20551076531410217
