epoch,train_loss,val_loss
1,0.34757447242736816,0.23841342329978943
2,0.2348550260066986,0.2091234028339386
3,0.20173826813697815,0.21248528361320496
4,0.18194334208965302,0.22460754215717316
5,0.1645677089691162,0.23278309404850006
