epoch,train_loss,val_loss
1,0.3306626081466675,0.2666238844394684
2,0.21852384507656097,0.19661302864551544
3,0.18880435824394226,0.19023269414901733
4,0.17178615927696228,0.19092689454555511
5,0.15763147175312042,0.19031375646591187
6,0.14329645037651062,0.20141802728176117
