epoch,train_loss,val_loss
1,0.3424522876739502,0.2658303380012512
2,0.22785638272762299,0.20689049363136292
3,0.1946743279695511,0.2056400626897812
4,0.17629772424697876,0.20289409160614014
5,0.16297639906406403,0.21035565435886383
6,0.14943811297416687,0.21279680728912354
7,0.13391274213790894,0.2103092223405838
