epoch,train_loss,val_loss
1,0.28171318769454956,0.2234119176864624
2,0.20969998836517334,0.20240366458892822
3,0.18800394237041473,0.1957482248544693
4,0.1744837462902069,0.1862781047821045
5,0.16302013397216797,0.1874953657388687
6,0.15118823945522308,0.19359634816646576
7,0.13875460624694824,0.19862675666809082
