epoch,train_loss,val_loss
1,0.3536556661128998,0.2608392834663391
2,0.23052336275577545,0.23672622442245483
3,0.20729784667491913,0.27044814825057983
4,0.18514344096183777,0.2105335295200348
5,0.16795951128005981,0.20806246995925903
6,0.1550261676311493,0.22334708273410797
7,0.14255419373512268,0.21769224107265472
8,0.13089585304260254,0.22100360691547394
