epoch,train_loss,val_loss
1,0.3398261070251465,0.23712286353111267
2,0.2210601270198822,0.20309561491012573
3,0.1921304315328598,0.2004908174276352
4,0.17473366856575012,0.1998804211616516
5,0.15717194974422455,0.20829841494560242
6,0.13889284431934357,0.21534433960914612
7,0.1203228086233139,0.20341947674751282
