epoch,train_loss,val_loss
1,0.36080294847488403,0.26258301734924316
2,0.24343277513980865,0.230058953166008
3,0.2117752879858017,0.21528497338294983
4,0.19203074276447296,0.21587955951690674
5,0.17611469328403473,0.21077343821525574
6,0.1657911092042923,0.1972428560256958
7,0.15480612218379974,0.2087109237909317
8,0.14359833300113678,0.1987529993057251
9,0.12670035660266876,0.20191718637943268
