epoch,train_loss,val_loss
1,0.36127346754074097,0.26779061555862427
2,0.24061915278434753,0.22743362188339233
3,0.20826338231563568,0.20387239754199982
4,0.19029735028743744,0.1999616026878357
5,0.17634627223014832,0.19679632782936096
6,0.17585043609142303,0.1895519345998764
7,0.15809927880764008,0.18975071609020233
8,0.14663589000701904,0.18760991096496582
9,0.13707569241523743,0.20592153072357178
10,0.12466034293174744,0.20409050583839417
11,0.11414378136396408,0.22025039792060852
