epoch,train_loss,val_loss
1,0.39536160230636597,0.369690865278244
2,0.27387386560440063,0.2767893373966217
3,0.23298856616020203,0.24354803562164307
4,0.21001319587230682,0.21456104516983032
5,0.1929757446050644,0.21007472276687622
6,0.18375281989574432,0.20626980066299438
7,0.1700364649295807,0.22314336895942688
8,0.1599097102880478,0.2239624410867691
9,0.1471511572599411,0.21712234616279602
