epoch,train_loss,val_loss
1,0.2934785783290863,0.24228152632713318
2,0.21368315815925598,0.2813584506511688
3,0.1910320222377777,0.20338144898414612
4,0.17825055122375488,0.1979779750108719
5,0.16773070394992828,0.18775735795497894
6,0.15947487950325012,0.18125157058238983
7,0.1514580249786377,0.18492451310157776
8,0.14269216358661652,0.21053652465343475
9,0.13432741165161133,0.21415279805660248
