epoch,train_loss,val_loss
1,0.36402952671051025,0.3322913646697998
2,0.24256113171577454,0.21393558382987976
3,0.2105148434638977,0.20425790548324585
4,0.19308841228485107,0.19408534467220306
5,0.1819632649421692,0.196279838681221
6,0.1722564548254013,0.20747573673725128
7,0.1628056913614273,0.18640056252479553
8,0.15595228970050812,0.19340433180332184
9,0.14825555682182312,0.18994058668613434
10,0.25252628326416016,0.31516233086586
