epoch,train_loss,val_loss
1,0.2990296483039856,0.25696778297424316
2,0.20962481200695038,0.2080557644367218
3,0.1879401057958603,0.19489827752113342
4,0.17466600239276886,0.1883203387260437
5,0.16411960124969482,0.1836310476064682
6,0.1535063087940216,29.987993240356445
7,0.1429416388273239,0.19335679709911346
8,0.13112714886665344,0.18994255363941193
