epoch,train_loss,val_loss
1,0.3664783835411072,0.27098169922828674
2,0.25446468591690063,0.21808414161205292
3,0.21700671315193176,0.20279541611671448
4,0.19996091723442078,0.19482944905757904
5,0.18293969333171844,0.20766833424568176
6,0.17020419239997864,0.19329498708248138
7,0.15571390092372894,0.2130585014820099
8,0.14271463453769684,0.22115617990493774
9,0.129605233669281,0.21392126381397247
