epoch,train_loss,val_loss
1,0.3472864031791687,0.47071564197540283
2,0.23360133171081543,0.23609445989131927
3,0.20309190452098846,0.22692559659481049
4,0.1872633993625641,0.22055751085281372
5,0.1716536283493042,0.21980220079421997
6,0.157783642411232,0.21486273407936096
7,0.14493362605571747,0.24177107214927673
8,0.1306803673505783,0.25654274225234985
9,0.11766432970762253,0.2258690744638443
