epoch,train_loss,val_loss
1,0.3370683193206787,0.25605520606040955
2,0.21874435245990753,0.20343457162380219
3,0.19179768860340118,0.18983258306980133
4,0.17411142587661743,0.18990513682365417
5,0.1618095487356186,0.20562635362148285
6,0.15008699893951416,0.19825980067253113
