epoch,train_loss,val_loss
1,0.4065186381340027,0.3077612519264221
2,0.287776917219162,0.2618357241153717
3,0.24403253197669983,0.2592475712299347
4,0.2209312468767166,0.23402084410190582
5,0.2026672512292862,0.22322627902030945
6,0.18884971737861633,0.23096151649951935
7,0.17757052183151245,0.21373818814754486
8,0.16706103086471558,0.23322315514087677
9,0.1614500880241394,0.2467229813337326
10,0.14446260035037994,0.25709810853004456
