epoch,train_loss,val_loss
1,0.2969610095024109,0.24671438336372375
2,0.21423980593681335,0.2052331119775772
3,0.19117315113544464,0.194418802857399
4,0.17760439217090607,0.18939775228500366
5,0.1666136234998703,0.18784122169017792
6,0.15697742998600006,0.18357491493225098
7,0.14674478769302368,0.18083353340625763
8,0.13708022236824036,0.1907922327518463
9,0.12677516043186188,0.20304979383945465
10,0.11526162177324295,0.2127249836921692
