epoch,train_loss,val_loss
1,0.33876460790634155,0.2346464991569519
2,0.2152784913778305,0.2070096880197525
3,0.1870589405298233,0.1981339305639267
4,0.16933582723140717,0.19434942305088043
5,0.1539270132780075,0.19788773357868195
6,0.13973736763000488,0.20159977674484253
7,0.12399448454380035,0.20708778500556946
