epoch,train_loss,val_loss
1,0.389180988073349,0.27055132389068604
2,0.24714231491088867,0.22422604262828827
3,0.20985867083072662,0.21214348077774048
4,0.190887913107872,0.21565601229667664
5,0.17735277116298676,0.2054458111524582
6,0.1616831123828888,0.19832125306129456
7,0.1467183232307434,0.19246932864189148
8,0.13286790251731873,0.19714079797267914
9,0.11890952289104462,0.2152758091688156
10,0.10245531797409058,0.23410196602344513
