epoch,train_loss,val_loss
1,0.3560882806777954,0.2693849802017212
2,0.23059839010238647,0.22067639231681824
3,0.19717752933502197,0.20005322992801666
4,0.17584367096424103,0.1950957477092743
5,0.16116935014724731,0.21316809952259064
6,0.1439078003168106,0.22628377377986908
7,0.1251498907804489,0.2611706852912903
