epoch,train_loss,val_loss
1,0.41243720054626465,0.32519304752349854
2,0.3030923902988434,0.29908907413482666
3,0.25482800602912903,0.23458176851272583
4,0.22035661339759827,0.2275131493806839
5,0.19787810742855072,0.22050179541110992
6,0.18136011064052582,0.21478140354156494
7,0.17084600031375885,0.21093761920928955
8,0.15408086776733398,0.21467746794223785
9,0.14145900309085846,0.22475062310695648
10,0.129317045211792,0.2710781693458557
