epoch,train_loss,val_loss
1,0.2969135046005249,0.2559126913547516
2,0.20924651622772217,0.20730727910995483
3,0.18557435274124146,0.20044705271720886
4,0.1710163652896881,0.19938524067401886
5,0.15844638645648956,0.183895543217659
6,0.1464240998029709,0.1993425488471985
7,0.13419486582279205,0.18987825512886047
8,0.12223906815052032,3.668440818786621
