epoch,train_loss,val_loss
1,0.3037099242210388,0.3545122742652893
2,0.21533453464508057,0.21074259281158447
3,0.19031822681427002,0.2015158236026764
4,0.1758161038160324,0.20371221005916595
5,0.1635597050189972,0.20618124306201935
6,0.15098936855793,0.2662354111671448
