epoch,train_loss,val_loss
1,0.36325204372406006,0.2669202387332916
2,0.24894890189170837,0.2405361533164978
3,0.21727415919303894,0.23753556609153748
4,0.20139680802822113,0.21054120361804962
5,0.19575385749340057,0.21898825466632843
6,0.17818570137023926,0.2240176647901535
7,0.17017190158367157,0.2392067015171051
