epoch,train_loss,val_loss
1,0.3285751938819885,0.24283970892429352
2,0.2153824120759964,0.2308615744113922
3,0.1887083351612091,0.2234891951084137
4,0.1707019954919815,0.21306143701076508
5,0.15645720064640045,0.1962546706199646
6,0.14221197366714478,0.19297397136688232
7,0.12806904315948486,0.19086045026779175
8,0.11393456161022186,0.20185913145542145
9,0.0985049232840538,0.21451786160469055
10,0.08644817769527435,0.24918274581432343
