epoch,train_loss,val_loss
1,0.35010826587677,0.26000791788101196
2,0.22999458014965057,0.2099280059337616
3,0.1993078887462616,0.2097894251346588
4,0.18114645779132843,0.20657601952552795
5,0.16831080615520477,0.20430006086826324
6,0.15441612899303436,0.2218036949634552
7,0.14149725437164307,0.22184942662715912
8,0.12744928896427155,0.21312592923641205
