epoch,train_loss,val_loss
1,0.34656599164009094,0.2928881347179413
2,0.23103554546833038,0.20128148794174194
3,0.2021442949771881,0.19550739228725433
4,0.18156583607196808,0.2063460499048233
5,0.1657683402299881,0.1935516893863678
6,0.1510346233844757,0.18757617473602295
7,0.14032934606075287,0.19164544343948364
8,0.12561655044555664,0.20369747281074524
9,0.10747962445020676,0.2279316484928131
