epoch,train_loss,val_loss
1,0.36079132556915283,0.2509895861148834
2,0.24327540397644043,0.2385406345129013
3,0.21081310510635376,0.22365719079971313
4,0.1914559006690979,0.21951425075531006
5,0.17888888716697693,0.20216511189937592
6,0.16514167189598083,0.22210343182086945
7,0.1496686488389969,0.2065405249595642
8,0.1363203078508377,0.2089153528213501
