epoch,train_loss,val_loss
1,0.39394626021385193,0.4448206424713135
2,0.2979555130004883,0.27092260122299194
3,0.26273414492607117,0.3154204189777374
4,0.24671746790409088,0.2368927299976349
5,0.2187252789735794,0.2203986495733261
6,0.2016468197107315,0.21201783418655396
7,0.19040058553218842,0.2187032550573349
8,0.1793060451745987,0.20646417140960693
9,0.16868114471435547,0.22454720735549927
10,0.16500476002693176,0.21863879263401031
11,0.15352550148963928,0.21939830482006073
