epoch,train_loss,val_loss
1,0.34584781527519226,0.24570542573928833
2,0.22770600020885468,0.20341558754444122
3,0.1952454149723053,0.18646033108234406
4,0.1821981817483902,0.19118407368659973
5,0.1649460643529892,0.20363683998584747
6,0.14769905805587769,0.22918637096881866
