epoch,train_loss,val_loss
1,0.28619691729545593,0.22548672556877136
2,0.20783089101314545,0.20400656759738922
3,0.18477942049503326,0.19296081364154816
4,0.1711970716714859,0.19099467992782593
5,0.15939995646476746,0.19222241640090942
6,0.14723828434944153,0.19787615537643433
7,0.1352425068616867,0.21680761873722076
