epoch,train_loss,val_loss
1,0.29035982489585876,0.2278628796339035
2,0.20928749442100525,0.204185351729393
3,0.18752004206180573,0.19245970249176025
4,0.17373308539390564,0.19382761418819427
5,0.16171036660671234,0.1985374242067337
6,0.15062282979488373,0.2025940865278244
