epoch,train_loss,val_loss
1,0.3221438229084015,0.24458494782447815
2,0.21982461214065552,0.21523454785346985
3,0.19156526029109955,0.19537043571472168
4,0.17390666902065277,0.18783003091812134
5,0.1565123051404953,0.18643631041049957
6,0.1383754014968872,0.19854068756103516
7,0.12270604074001312,0.20810993015766144
8,0.10471001267433167,0.2379712611436844
