epoch,train_loss,val_loss
1,0.2853904664516449,0.2393469363451004
2,0.20974574983119965,0.20848754048347473
3,0.1884361058473587,0.20045414566993713
4,0.17562226951122284,0.1997746229171753
5,0.1644822508096695,0.2049873024225235
6,0.15427157282829285,0.21383176743984222
7,0.14325451850891113,0.22143155336380005
