epoch,train_loss,val_loss
1,0.3643013536930084,0.3822453022003174
2,0.24246548116207123,0.2215443104505539
3,0.20660464465618134,0.2604817748069763
4,0.1882316917181015,0.2793230712413788
5,0.17604048550128937,0.2474205642938614
