epoch,train_loss,val_loss
1,0.30974677205085754,0.2792057991027832
2,0.21443627774715424,0.20348027348518372
3,0.18944129347801208,0.189522385597229
4,0.17473869025707245,0.18584823608398438
5,0.1633780598640442,0.18127398192882538
6,0.15215912461280823,0.18084412813186646
7,0.14129164814949036,0.17963194847106934
8,0.13002139329910278,0.1832541972398758
9,0.11861330270767212,0.18906795978546143
10,0.10815641283988953,0.20181186497211456
