epoch,train_loss,val_loss
1,0.34292322397232056,0.31085342168807983
2,0.22779585421085358,0.20107950270175934
3,0.19482341408729553,0.18798667192459106
4,0.1754494607448578,0.18185120820999146
5,0.15761037170886993,0.18710769712924957
6,0.14170916378498077,0.18321724236011505
7,0.12551307678222656,0.19827817380428314
