epoch,train_loss,val_loss
1,0.37660929560661316,0.2790878713130951
2,0.25814828276634216,0.3396243751049042
3,0.22064106166362762,0.24720288813114166
4,0.20021042227745056,0.21513578295707703
5,0.18321052193641663,0.2159534990787506
6,0.16935254633426666,0.22760140895843506
7,0.15536406636238098,0.20217758417129517
8,0.14273719489574432,0.2534346282482147
9,0.12678995728492737,0.24168060719966888
10,0.11210471391677856,0.27066320180892944
