epoch,train_loss,val_loss
1,0.3506017029285431,0.24961695075035095
2,0.2299162596464157,0.2061484307050705
3,0.1979195475578308,0.20266558229923248
4,0.18210120499134064,0.19274358451366425
5,0.16886360943317413,0.19384276866912842
6,0.15888425707817078,0.18345826864242554
7,0.14822612702846527,0.18319673836231232
8,0.13814352452754974,0.20160076022148132
9,0.12508754432201385,0.19442109763622284
10,0.1137184351682663,0.19836218655109406
