epoch,train_loss,val_loss
1,0.3749506175518036,0.2766900956630707
2,0.2503833770751953,0.225187748670578
3,0.21004287898540497,0.21267731487751007
4,0.1909535676240921,0.19442930817604065
5,0.17608636617660522,0.2014526128768921
6,0.16168880462646484,0.19774426519870758
7,0.14601927995681763,0.20676793158054352
