epoch,train_loss,val_loss
1,0.2927834093570709,0.2529870867729187
2,0.2082151174545288,0.20138199627399445
3,0.18456289172172546,0.19284862279891968
4,0.17000700533390045,0.18919983506202698
5,0.15665799379348755,0.1973278969526291
6,0.14316973090171814,0.21906819939613342
7,0.13004794716835022,0.20422925055027008
