epoch,train_loss,val_loss
1,0.32230207324028015,0.21816647052764893
2,0.21177110075950623,0.2035530060529709
3,0.18627338111400604,0.18927693367004395
4,0.17083056271076202,0.18432265520095825
5,0.1567770093679428,0.18211255967617035
6,0.14377562701702118,0.19818253815174103
7,0.12863104045391083,0.19660118222236633
8,0.11386004090309143,0.20222721993923187
