epoch,train_loss,val_loss
1,0.3420896828174591,0.2573971748352051
2,0.22663947939872742,0.20423074066638947
3,0.19421783089637756,0.19147320091724396
4,0.17592795193195343,0.1950264722108841
5,0.16311077773571014,0.19065363705158234
6,0.15165074169635773,0.18395188450813293
7,0.14090780913829803,0.18976818025112152
8,0.12989047169685364,0.19710172712802887
9,0.11795874685049057,0.20205183327198029
