epoch,train_loss,val_loss
1,0.31357428431510925,0.26462268829345703
2,0.21796438097953796,0.25964146852493286
3,0.1918787658214569,0.19576920568943024
4,0.17774391174316406,0.19612239301204681
5,0.16712568700313568,0.19055353105068207
6,0.15748341381549835,0.1883685290813446
7,0.14908476173877716,0.18609705567359924
8,0.14110668003559113,0.19992078840732574
9,0.13028529286384583,0.2129676640033722
10,0.1211075484752655,0.20356127619743347
