epoch,train_loss,val_loss
1,0.40720635652542114,0.34852373600006104
2,0.29667291045188904,0.28101763129234314
3,0.2628037929534912,0.27703171968460083
4,0.2511931359767914,0.24318960309028625
5,0.23102033138275146,0.2637943923473358
6,0.21303170919418335,0.27468690276145935
7,0.199394091963768,0.23532673716545105
8,0.18679940700531006,0.2550647556781769
9,0.17836400866508484,0.2664960026741028
10,0.16906805336475372,0.2503652274608612
