epoch,train_loss,val_loss
1,0.3828757703304291,0.3298429548740387
2,0.2630046308040619,0.23433133959770203
3,0.22083254158496857,0.21089592576026917
4,0.20101746916770935,0.19919893145561218
5,0.18515446782112122,0.19179844856262207
6,0.1759667992591858,0.187138631939888
7,0.1642090231180191,0.191311776638031
8,0.15428020060062408,0.19413968920707703
9,0.14425724744796753,0.22009749710559845
