epoch,train_loss,val_loss
1,0.3435736894607544,0.24049882590770721
2,0.2319568395614624,0.19663651287555695
3,0.19644507765769958,0.18900129199028015
4,0.17620304226875305,0.18570731580257416
5,0.15841133892536163,0.19440941512584686
6,0.14243334531784058,0.19631749391555786
7,0.12457594275474548,0.22325144708156586
