epoch,train_loss,val_loss
1,0.34160658717155457,0.250842809677124
2,0.22466807067394257,0.19793620705604553
3,0.1941646933555603,0.1921079158782959
4,0.1766882687807083,0.1800982803106308
5,0.16221104562282562,0.18334102630615234
6,0.1503627747297287,0.1844419538974762
7,0.13085712492465973,0.19441775977611542
