epoch,train_loss,val_loss
1,0.35229676961898804,0.2567119598388672
2,0.23112589120864868,0.21013696491718292
3,0.20111024379730225,0.1862393170595169
4,0.18244996666908264,0.18447613716125488
5,0.16897235810756683,0.17860637605190277
6,0.1589251011610031,0.1792154759168625
7,0.1498737931251526,0.18289175629615784
8,0.13969174027442932,0.184692844748497
