epoch,train_loss,val_loss
1,0.38343000411987305,0.28090184926986694
2,0.2613949477672577,0.2610889673233032
3,0.22516703605651855,0.24742098152637482
4,0.2142609804868698,0.2271675169467926
5,0.19747470319271088,0.21628381311893463
6,0.18177220225334167,0.2201828509569168
7,0.173685684800148,0.2293374091386795
8,0.16319631040096283,0.231411412358284
