epoch,train_loss,val_loss
1,0.2906425893306732,0.25323525071144104
2,0.2069377452135086,0.21916793286800385
3,0.18552641570568085,0.2039356380701065
4,0.17260348796844482,0.17829984426498413
5,0.16198648512363434,0.1906493902206421
6,0.15178415179252625,0.18331633508205414
7,0.14230412244796753,0.1980741024017334
