epoch,train_loss,val_loss
1,0.33628398180007935,0.2912118434906006
2,0.22055219113826752,0.20973697304725647
3,0.19203630089759827,0.20301920175552368
4,0.17404823005199432,0.19901806116104126
5,0.15821923315525055,0.19454072415828705
6,0.14217215776443481,0.1962827444076538
7,0.12794862687587738,0.20870786905288696
8,0.1127331405878067,0.22017408907413483
