epoch,train_loss,val_loss
1,0.28782588243484497,0.21710039675235748
2,0.21144844591617584,0.2074175626039505
3,0.18799424171447754,0.19465070962905884
4,0.1719677597284317,0.18937845528125763
5,0.15821410715579987,0.18988265097141266
6,0.14466504752635956,0.1993248015642166
7,0.13190598785877228,0.19668935239315033
