epoch,train_loss,val_loss
1,0.39795589447021484,0.34976688027381897
2,0.26833733916282654,0.2372974306344986
3,0.22461824119091034,0.21979963779449463
4,0.20494170486927032,0.23889583349227905
5,0.19267968833446503,0.2051226794719696
6,0.17591270804405212,0.21341398358345032
7,0.1631828397512436,0.21550606191158295
8,0.15062913298606873,0.21662844717502594
