epoch,train_loss,val_loss
1,0.3325795531272888,0.24623146653175354
2,0.22405187785625458,0.2215651124715805
3,0.1928097903728485,0.20262214541435242
4,0.17672935128211975,0.19133438169956207
5,0.16496354341506958,5.458086013793945
6,0.15359356999397278,0.19337637722492218
7,0.1439361274242401,0.20533423125743866
