epoch,train_loss,val_loss
1,0.3592652976512909,1.173628330230713
2,0.2540070414543152,0.2502574622631073
3,0.21541371941566467,0.21656079590320587
4,0.1954156905412674,0.21069639921188354
5,0.1823146492242813,0.1994694471359253
6,0.1716601550579071,0.20149444043636322
7,0.16287577152252197,0.20371894538402557
8,0.15433689951896667,0.2039502114057541
