epoch,train_loss,val_loss
1,0.41868454217910767,0.39919421076774597
2,0.31989648938179016,0.3437381982803345
3,0.2715431749820709,0.2819938659667969
4,0.24564741551876068,0.28030481934547424
5,0.230953648686409,0.31504708528518677
6,0.21984538435935974,0.25992757081985474
7,0.20583806931972504,0.2637747824192047
8,0.2002202421426773,0.3309935927391052
9,0.19342894852161407,0.3017979562282562
