epoch,train_loss,val_loss
1,0.4060784876346588,0.3798200190067291
2,0.3338695764541626,0.3085215091705322
3,0.3018132448196411,5.086305618286133
4,0.2924286425113678,0.28979212045669556
5,0.2763289213180542,0.28198444843292236
6,0.268228143453598,0.3984094262123108
7,0.2682753801345825,0.2848097085952759
8,0.25041696429252625,0.2907398045063019
