epoch,train_loss,val_loss
1,0.2901466190814972,0.23511850833892822
2,0.20832663774490356,0.2084175944328308
3,0.18717904388904572,0.20033007860183716
4,0.17414923012256622,0.18402524292469025
5,0.1633274406194687,0.19445733726024628
6,0.15286415815353394,0.1891913115978241
7,0.1429520547389984,0.1902611255645752
