epoch,train_loss,val_loss
1,0.34913894534111023,0.27861425280570984
2,0.23454046249389648,0.20289774239063263
3,0.20170551538467407,0.19363781809806824
4,0.18097198009490967,0.19950175285339355
5,0.1674605906009674,0.19317218661308289
6,0.14997288584709167,0.19204868376255035
7,0.13236045837402344,0.2006811648607254
8,0.1178242564201355,0.23446206748485565
9,0.1011296957731247,0.23694075644016266
