epoch,train_loss,val_loss
1,0.2833624482154846,0.2326882779598236
2,0.20758898556232452,0.19393642246723175
3,0.1854974329471588,0.19163726270198822
4,0.17163878679275513,0.1910400241613388
5,0.15991728007793427,0.18819957971572876
6,0.14848673343658447,0.1939079463481903
7,0.13549187779426575,0.1906593143939972
8,0.1226298063993454,0.2050575613975525
