epoch,train_loss,val_loss
1,0.3371041417121887,0.2727336287498474
2,0.221946582198143,0.218677818775177
3,0.19227859377861023,0.19434595108032227
4,0.17651771008968353,0.20011042058467865
5,0.16610459983348846,0.19193002581596375
6,0.1550685316324234,0.1968708485364914
7,0.14034700393676758,0.19409066438674927
8,0.12778037786483765,0.19832903146743774
