epoch,train_loss,val_loss
1,0.30964529514312744,0.23774094879627228
2,0.21414895355701447,0.20807749032974243
3,0.1899518221616745,0.19773095846176147
4,0.17622797191143036,0.18951769173145294
5,0.16472174227237701,0.18498750030994415
6,0.15381118655204773,0.19099357724189758
7,0.143943652510643,0.19969286024570465
8,0.13328848779201508,0.1885211169719696
