epoch,train_loss,val_loss
1,0.36987990140914917,0.3042874336242676
2,0.24265749752521515,0.21691112220287323
3,0.20917397737503052,0.20038416981697083
4,0.18986518681049347,0.19859841465950012
5,0.1741512566804886,0.1959809809923172
6,0.1589488536119461,0.2110416740179062
7,0.14489024877548218,0.2147095799446106
8,0.1329815685749054,0.2151561975479126
