epoch,train_loss,val_loss
1,0.3449088931083679,0.2520531713962555
2,0.22534681856632233,0.21065157651901245
3,0.19618183374404907,0.19605450332164764
4,0.1765509694814682,0.19014593958854675
5,0.16843892633914948,0.19163234531879425
6,0.15283100306987762,0.18416458368301392
7,0.13179369270801544,0.19991515576839447
8,0.11532118171453476,0.1920986920595169
9,0.10005557537078857,0.21745091676712036
