epoch,train_loss,val_loss
1,0.308858722448349,0.23532229661941528
2,0.2109116166830063,0.21238094568252563
3,0.18438653647899628,0.20110824704170227
4,0.16708238422870636,0.195404052734375
5,0.15322545170783997,0.18740308284759521
6,0.13918830454349518,0.19746346771717072
7,0.12369219213724136,0.20142138004302979
8,0.10805846750736237,0.20555181801319122
