epoch,train_loss,val_loss
1,0.3738957941532135,0.28814926743507385
2,0.25489288568496704,0.2273891568183899
3,0.2164670079946518,0.20866554975509644
4,0.19475820660591125,0.1910729855298996
5,0.181379497051239,0.19024045765399933
6,0.16555191576480865,0.20021827518939972
7,0.1526418775320053,0.20641522109508514
8,0.13684113323688507,0.20978383719921112
