epoch,train_loss,val_loss
1,0.35824573040008545,0.44460681080818176
2,0.23819084465503693,0.23529794812202454
3,0.20216675102710724,0.19911818206310272
4,0.18258246779441833,0.20517320930957794
5,0.17203108966350555,0.20016507804393768
6,0.15610118210315704,0.1924179047346115
7,0.14477160573005676,0.19931620359420776
8,0.1325387805700302,0.19850820302963257
9,0.12185056507587433,0.21956783533096313
