epoch,train_loss,val_loss
1,0.33202874660491943,0.24463361501693726
2,0.2140360325574875,0.2031034529209137
3,0.1860886961221695,0.1836368888616562
4,0.17053502798080444,0.17959463596343994
5,0.15565326809883118,0.17923182249069214
6,0.14155294001102448,0.18262124061584473
7,0.12886609137058258,0.18963541090488434
8,0.11128075420856476,0.21200646460056305
