epoch,train_loss,val_loss
1,0.3623752295970917,0.30835211277008057
2,0.24285873770713806,0.23984777927398682
3,0.20660090446472168,0.2049439549446106
4,0.1876579374074936,0.20160402357578278
5,0.1788790374994278,0.20771700143814087
6,0.16666927933692932,0.1811217963695526
7,0.15532422065734863,0.18791256844997406
8,0.14658856391906738,0.18782714009284973
9,0.1376030594110489,0.1849091649055481
