epoch,train_loss,val_loss
1,0.2986443340778351,0.2455955147743225
2,0.21406903862953186,0.2040342092514038
3,0.18856477737426758,0.19784227013587952
4,0.17390458285808563,0.18818336725234985
5,0.16151732206344604,0.19763684272766113
6,0.14877744019031525,0.19844232499599457
7,0.1361929178237915,0.19927382469177246
