epoch,train_loss,val_loss
1,0.35610076785087585,0.2617490291595459
2,0.23586302995681763,0.21420064568519592
3,0.20548999309539795,0.21681168675422668
4,0.18638965487480164,0.2129816859960556
5,0.17127372324466705,0.20622028410434723
6,0.15744918584823608,0.21320559084415436
7,0.1424776166677475,0.23155811429023743
8,0.12630429863929749,0.23545525968074799
