epoch,train_loss,val_loss
1,0.2881276607513428,0.22780412435531616
2,0.20816963911056519,0.20942281186580658
3,0.18438193202018738,0.19462299346923828
4,0.1699143499135971,0.19767750799655914
5,0.15689662098884583,0.19720056653022766
6,0.14305320382118225,0.19624076783657074
