epoch,train_loss,val_loss
1,0.37987303733825684,0.31838637590408325
2,0.2574291527271271,0.2649923264980316
3,0.23005501925945282,0.2118588089942932
4,0.20400817692279816,0.22958198189735413
5,0.1899784952402115,0.1936209797859192
6,0.17618344724178314,0.19269037246704102
7,0.1659546196460724,0.19892525672912598
8,0.15628746151924133,0.20145028829574585
9,0.14699842035770416,0.331709623336792
