epoch,train_loss,val_loss
1,0.36738207936286926,0.2924184203147888
2,0.24525566399097443,0.23927417397499084
3,0.21584345400333405,0.20172907412052155
4,0.19470345973968506,0.20685270428657532
5,0.1832025647163391,0.19784842431545258
6,0.17324069142341614,0.1860738843679428
7,0.15905268490314484,0.19748519361019135
8,0.14794310927391052,0.19652441143989563
9,0.144642174243927,0.2097741961479187
