epoch,train_loss,val_loss
1,0.3972626030445099,0.3381118178367615
2,0.27016937732696533,0.24917100369930267
3,0.22964005172252655,0.24928894639015198
4,0.20880360901355743,0.2138906717300415
5,0.19147992134094238,0.197895348072052
6,0.17618072032928467,0.19659751653671265
7,0.16438548266887665,0.20004430413246155
8,0.15262921154499054,0.21618880331516266
9,0.13931667804718018,0.21199637651443481
