epoch,train_loss,val_loss
1,0.36214378476142883,0.3097745478153229
2,0.24242651462554932,0.24049048125743866
3,0.20516106486320496,0.20546120405197144
4,0.18529002368450165,0.19413548707962036
5,0.17106124758720398,0.19145750999450684
6,0.15706807374954224,0.19722352921962738
7,0.14401119947433472,0.20437122881412506
8,0.13069479167461395,0.25024276971817017
