epoch,train_loss,val_loss
1,0.35960590839385986,0.2540232241153717
2,0.23235070705413818,0.20804107189178467
3,0.19666403532028198,0.1982647031545639
4,0.1752350926399231,0.19278021156787872
5,0.155662402510643,0.20130878686904907
6,0.1373269408941269,0.21136066317558289
7,0.12013530731201172,0.21691183745861053
