epoch,train_loss,val_loss
1,0.39717015624046326,0.36429446935653687
2,0.3109184801578522,0.3026963770389557
3,0.28027310967445374,0.2932644188404083
4,0.28232884407043457,0.3038153648376465
5,0.277657151222229,0.30009981989860535
6,0.26493576169013977,0.3032856285572052
