epoch,train_loss,val_loss
1,0.3506016135215759,0.23759712278842926
2,0.22973638772964478,0.2010253667831421
3,0.19910138845443726,0.19241800904273987
4,0.17953288555145264,0.20271001756191254
5,0.1646040678024292,0.19597004354000092
6,0.1499120444059372,0.19879907369613647
