epoch,train_loss,val_loss
1,0.3596280515193939,0.2878611981868744
2,0.24394001066684723,0.22004546225070953
3,0.22388353943824768,0.22049649059772491
4,0.1982911378145218,0.19809189438819885
5,0.18223164975643158,0.20810885727405548
6,0.17123517394065857,0.2007656693458557
7,0.16128787398338318,0.18996722996234894
8,0.15144555270671844,0.1891411393880844
9,0.15403324365615845,0.19293923676013947
10,0.13847550749778748,0.19216687977313995
11,0.13062337040901184,0.19410131871700287
