epoch,train_loss,val_loss
1,0.3431854844093323,0.257038950920105
2,0.21886752545833588,0.2562888264656067
3,0.19015604257583618,0.19614839553833008
4,0.17238359153270721,0.20168723165988922
5,0.1594446897506714,0.196740061044693
6,0.14552584290504456,0.1884349137544632
7,0.1317165046930313,0.18978625535964966
8,0.11540339142084122,0.20458148419857025
9,0.10107244551181793,0.2133750021457672
