epoch,train_loss,val_loss
1,0.33775651454925537,0.26319438219070435
2,0.22406920790672302,0.21010103821754456
3,0.19230516254901886,0.19581884145736694
4,0.17302358150482178,0.18422140181064606
5,0.1574040651321411,0.19124266505241394
6,0.1446385234594345,0.19867877662181854
7,0.12935322523117065,0.2128618210554123
