epoch,train_loss,val_loss
1,0.34459179639816284,0.23411168158054352
2,0.21874363720417023,0.21963433921337128
3,0.18874004483222961,0.1913374960422516
4,0.17013533413410187,0.19704443216323853
5,0.1553264707326889,0.18794555962085724
6,0.14118094742298126,0.20433896780014038
7,0.12453393638134003,0.22977642714977264
8,0.10842271149158478,0.23689523339271545
