epoch,train_loss,val_loss
1,0.35070908069610596,0.2541540563106537
2,0.24132853746414185,0.2694129943847656
3,0.20215395092964172,0.20677846670150757
4,0.1799256056547165,0.19493919610977173
5,0.16501589119434357,0.1961716264486313
6,0.14540541172027588,0.1908317655324936
7,0.123332180082798,0.21812337636947632
8,0.10482979565858841,0.23410454392433167
9,0.09265965223312378,0.24568668007850647
