epoch,train_loss,val_loss
1,0.34911850094795227,0.2527935802936554
2,0.234101340174675,0.21008259057998657
3,0.1996416300535202,0.20758743584156036
4,0.18123392760753632,0.19710950553417206
5,0.16391800343990326,0.18667446076869965
6,0.1469641476869583,0.20076695084571838
7,0.1318371593952179,0.207395538687706
8,0.11499755829572678,0.21563608944416046
