epoch,train_loss,val_loss
1,0.36164435744285583,0.45829257369041443
2,0.24605147540569305,0.2476460039615631
3,0.2114630937576294,0.20581281185150146
4,0.1912485808134079,0.20551294088363647
5,0.17738546431064606,0.19779901206493378
6,0.16643093526363373,0.21088114380836487
7,0.15707096457481384,0.19265170395374298
8,0.15177945792675018,0.19292254745960236
9,0.14040516316890717,0.19515572488307953
10,0.12811654806137085,0.20932312309741974
