epoch,train_loss,val_loss
1,0.3482931852340698,0.24841105937957764
2,0.23062381148338318,0.20187771320343018
3,0.19815388321876526,0.20411233603954315
4,0.1779751479625702,0.19767947494983673
5,0.15952719748020172,0.19880051910877228
6,0.14451275765895844,0.1982799619436264
7,0.12670940160751343,0.21231162548065186
