epoch,train_loss,val_loss
1,0.3964681923389435,0.30165281891822815
2,0.2651495337486267,0.2554999589920044
3,0.2189061939716339,0.2211538851261139
4,0.19813686609268188,0.24491558969020844
5,0.1789533644914627,0.2145998328924179
6,0.16437464952468872,0.2070085108280182
7,0.1493329107761383,0.24004988372325897
8,0.13625562191009521,0.2759213447570801
9,0.12230576574802399,0.2519453763961792
