epoch,train_loss,val_loss
1,0.30077889561653137,0.2273799479007721
2,0.2105756551027298,0.20541560649871826
3,0.18781748414039612,0.19949668645858765
4,0.17318536341190338,0.1937025636434555
5,0.16154131293296814,0.18879801034927368
6,0.1508457362651825,0.19170278310775757
7,0.14010897278785706,0.19812262058258057
8,0.12867459654808044,0.2000158280134201
