epoch,train_loss,val_loss
1,0.3302195072174072,0.2355051338672638
2,0.22164365649223328,0.20912493765354156
3,0.1931317299604416,0.18928585946559906
4,0.17377258837223053,0.19408921897411346
5,0.15808898210525513,0.19372698664665222
6,0.14405019581317902,0.20392826199531555
