epoch,train_loss,val_loss
1,0.33005088567733765,0.27962279319763184
2,0.2190563678741455,0.19958454370498657
3,0.1886189579963684,0.19074881076812744
4,0.17396153509616852,0.18249797821044922
5,0.1580672562122345,0.17830944061279297
6,0.14323802292346954,0.1960417926311493
7,0.12867362797260284,0.19781845808029175
8,0.11386271566152573,0.21823853254318237
