epoch,train_loss,val_loss
1,0.29395073652267456,0.22360306978225708
2,0.20927156507968903,0.20212464034557343
3,0.18770526349544525,0.18277695775032043
4,0.17345474660396576,0.18182089924812317
5,0.1621318906545639,0.1779295951128006
6,0.15189328789710999,0.17882221937179565
7,0.14224649965763092,0.17404387891292572
8,0.13146191835403442,0.18268394470214844
9,0.12196532636880875,0.19280922412872314
10,0.11255594342947006,0.20380567014217377
