epoch,train_loss,val_loss
1,0.34529414772987366,0.32792022824287415
2,0.23337282240390778,0.23073844611644745
3,0.2055610716342926,0.3237921893596649
4,0.1886022686958313,0.20299620926380157
5,0.1748420149087906,0.206203430891037
6,0.16480016708374023,0.1973274052143097
7,0.16199398040771484,0.18982064723968506
8,0.14896361529827118,0.18775878846645355
9,0.1396397352218628,0.19675838947296143
10,0.13483698666095734,0.19533318281173706
11,0.12430470436811447,0.21610614657402039
