epoch,train_loss,val_loss
1,0.35091978311538696,0.22963429987430573
2,0.22857461869716644,0.19885817170143127
3,0.19558951258659363,0.187374085187912
4,0.1755353957414627,0.18674983084201813
5,0.15813946723937988,0.1911124885082245
6,0.14075571298599243,0.2052546888589859
7,0.12256576120853424,0.22157986462116241
