epoch,train_loss,val_loss
1,0.32529211044311523,0.23044613003730774
2,0.21970990300178528,0.2362363636493683
3,0.19047510623931885,0.21088066697120667
4,0.17261673510074615,0.19852915406227112
5,0.15487903356552124,0.19764399528503418
6,0.13939480483531952,0.19933202862739563
7,0.12176250666379929,0.21056775748729706
8,0.1053762435913086,0.22977715730667114
