epoch,train_loss,val_loss
1,0.2905041575431824,0.2644464075565338
2,0.20672065019607544,0.20819517970085144
3,0.18439045548439026,0.20382235944271088
4,0.16962088644504547,0.21368759870529175
5,0.15653254091739655,0.20446449518203735
6,0.14363081753253937,0.2053799033164978
