epoch,train_loss,val_loss
1,0.3555317521095276,0.24979443848133087
2,0.23170289397239685,0.20167620480060577
3,0.19838161766529083,0.21420978009700775
4,0.180269256234169,0.1994767040014267
5,0.16466203331947327,0.2020658552646637
6,0.15157154202461243,0.22108668088912964
7,0.13414545357227325,0.2429530769586563
