epoch,train_loss,val_loss
1,0.3594417870044708,0.3089464604854584
2,0.2571534812450409,0.23924942314624786
3,0.22720065712928772,0.2168753445148468
4,0.20570841431617737,0.21329128742218018
5,0.18906038999557495,0.19599974155426025
6,0.1761736124753952,0.23738092184066772
7,0.1655995398759842,0.1887776255607605
8,0.15808120369911194,0.21192854642868042
9,0.15097887814044952,0.24948912858963013
10,0.14139007031917572,0.31591472029685974
