epoch,train_loss,val_loss
1,0.34405070543289185,0.25778257846832275
2,0.22425724565982819,0.20800593495368958
3,0.19476544857025146,0.2081124186515808
4,0.1808723509311676,0.19664587080478668
5,0.16708964109420776,0.2110879123210907
6,0.15406136214733124,0.18231326341629028
7,0.14416535198688507,0.20632952451705933
8,0.13104352355003357,0.19217456877231598
9,0.1235516145825386,0.22040358185768127
