epoch,train_loss,val_loss
1,0.2982560396194458,0.24988217651844025
2,0.20927731692790985,0.20693163573741913
3,0.18878939747810364,0.2128973752260208
4,0.1760227233171463,0.22221292555332184
5,0.1656116545200348,0.2148517370223999
