epoch,train_loss,val_loss
1,0.3241804838180542,0.2645070552825928
2,0.21683162450790405,0.20455913245677948
3,0.18861478567123413,0.1898907721042633
4,0.1714812070131302,0.1831245869398117
5,0.15905950963497162,0.18430683016777039
6,0.14658083021640778,0.17966461181640625
7,0.13469083607196808,0.1899990439414978
8,0.12230823934078217,0.19711148738861084
9,0.10832812637090683,0.22265242040157318
