epoch,train_loss,val_loss
1,0.383236289024353,0.32336246967315674
2,0.2706685960292816,0.27225977182388306
3,0.23300977051258087,0.267796128988266
4,0.21025672554969788,0.2033815234899521
5,0.19652657210826874,0.19790330529212952
6,0.18262451887130737,0.20307600498199463
7,0.1713700145483017,0.20459583401679993
8,0.1615648865699768,0.20056985318660736
