epoch,train_loss,val_loss
1,0.33563414216041565,0.25289884209632874
2,0.21967291831970215,0.21523217856884003
3,0.19265596568584442,0.192868173122406
4,0.17629112303256989,0.1906261295080185
5,0.16284215450286865,0.18435679376125336
6,0.15039202570915222,0.19544261693954468
7,0.13915403187274933,0.185016468167305
8,0.12717072665691376,0.19444002211093903
