epoch,train_loss,val_loss
1,0.35314199328422546,0.2612960636615753
2,0.23505176603794098,0.22352662682533264
3,0.20952415466308594,0.20195618271827698
4,0.18712984025478363,0.19083844125270844
5,0.1699671894311905,0.19602428376674652
6,0.15661346912384033,0.2081804871559143
7,0.1441289782524109,0.19319379329681396
