epoch,train_loss,val_loss
1,0.34317076206207275,0.275367796421051
2,0.2276163250207901,0.21259820461273193
3,0.19574324786663055,0.19968847930431366
4,0.17697328329086304,0.2026374787092209
5,0.16201472282409668,0.2184683233499527
6,0.14770600199699402,0.2150607407093048
