epoch,train_loss,val_loss
1,0.36816078424453735,0.2555757462978363
2,0.2417203187942505,0.22292867302894592
3,0.21049104630947113,0.198881134390831
4,0.18807198107242584,0.18851891160011292
5,0.17244985699653625,0.1888144314289093
6,0.15906988084316254,0.1944245994091034
7,0.14589735865592957,0.20569002628326416
