epoch,train_loss,val_loss
1,0.32600876688957214,0.2859359383583069
2,0.21827349066734314,0.20356355607509613
3,0.18979781866073608,0.1981363296508789
4,0.17322631180286407,0.19383108615875244
5,0.16074174642562866,0.19019123911857605
6,0.14871111512184143,0.1992458701133728
7,0.1367609053850174,0.20309677720069885
8,0.12403620779514313,0.21757885813713074
