epoch,train_loss,val_loss
1,0.3329585790634155,0.38315272331237793
2,0.22088874876499176,0.21373413503170013
3,0.19440309703350067,0.21051737666130066
4,0.18014180660247803,0.20570915937423706
5,0.17032116651535034,0.19617918133735657
6,0.16045409440994263,0.2005080133676529
7,0.15133321285247803,0.19779378175735474
8,0.1412004977464676,0.20035143196582794
