epoch,train_loss,val_loss
1,0.29763326048851013,0.2211724817752838
2,0.20619018375873566,0.20080961287021637
3,0.1831519454717636,0.19293302297592163
4,0.16904239356517792,0.18791089951992035
5,0.15666387975215912,0.217879980802536
6,0.14401254057884216,0.19767513871192932
7,0.13067950308322906,0.20377317070960999
