epoch,train_loss,val_loss
1,0.32445430755615234,0.2428281009197235
2,0.2195153385400772,0.20163114368915558
3,0.18900805711746216,0.20969898998737335
4,0.17259886860847473,0.2019098550081253
5,0.15806551277637482,0.19004569947719574
6,0.1434680074453354,0.21055038273334503
7,0.12893250584602356,0.21175141632556915
8,0.11377741396427155,0.21875004470348358
