epoch,train_loss,val_loss
1,0.3230375051498413,0.24480201303958893
2,0.2247316688299179,0.21513396501541138
3,0.19490714371204376,0.20769941806793213
4,0.1762501299381256,0.212944895029068
5,0.16235317289829254,0.1956707090139389
6,0.14874571561813354,0.19578269124031067
7,0.13275474309921265,0.20715554058551788
8,0.11692436784505844,0.23491141200065613
