epoch,train_loss,val_loss
1,0.37546899914741516,0.34158065915107727
2,0.25583750009536743,0.2432430237531662
3,0.21786929666996002,0.20886357128620148
4,0.1978304386138916,0.21166983246803284
5,0.18511267006397247,0.20539095997810364
6,0.17380473017692566,0.19906461238861084
7,0.16148719191551208,0.19796890020370483
8,0.1627369523048401,0.21434186398983002
9,0.14510612189769745,0.22521843016147614
10,0.12954707443714142,0.22641853988170624
