epoch,train_loss,val_loss
1,0.296309232711792,0.2542523741722107
2,0.2092345803976059,0.19844356179237366
3,0.18557749688625336,0.1893753707408905
4,0.17277540266513824,0.1830424666404724
5,0.16136986017227173,0.19177211821079254
6,0.1493004709482193,0.1887117624282837
7,0.13691042363643646,0.19189323484897614
