epoch,train_loss,val_loss
1,0.3522414267063141,0.2730782926082611
2,0.2360815554857254,0.21369540691375732
3,0.19965851306915283,0.1957947015762329
4,0.18469509482383728,0.19212989509105682
5,0.16329634189605713,0.19819381833076477
6,0.1481998860836029,0.20215174555778503
7,0.13082768023014069,0.2183474600315094
