epoch,train_loss,val_loss
1,0.3147258162498474,0.27468472719192505
2,0.22313910722732544,0.22519834339618683
3,0.1997879445552826,0.2081092745065689
4,0.18658189475536346,0.1977575570344925
5,0.17639607191085815,0.18945585191249847
6,0.16621564328670502,0.1868344396352768
7,0.1569417268037796,0.18104809522628784
8,0.14706091582775116,0.18440085649490356
9,0.13589024543762207,0.19189384579658508
10,0.12451638281345367,0.19714051485061646
