epoch,train_loss,val_loss
1,0.28844669461250305,0.2252281755208969
2,0.20569677650928497,0.19743011891841888
3,0.1825936734676361,0.19150841236114502
4,0.16756364703178406,0.19235394895076752
5,0.15364070236682892,0.19812119007110596
6,0.13937781751155853,0.20175789296627045
