epoch,train_loss,val_loss
1,0.3873714208602905,0.2995765507221222
2,0.2540533244609833,0.21641667187213898
3,0.2164388746023178,0.21236926317214966
4,0.19337329268455505,0.2016800045967102
5,0.17759597301483154,0.1909068375825882
6,0.16541916131973267,0.18518929183483124
7,0.15267637372016907,0.18733525276184082
8,0.14166444540023804,0.18150079250335693
9,0.1293945163488388,0.1982097327709198
10,0.11550348252058029,0.20005366206169128
11,0.1007329449057579,0.2398565113544464
