epoch,train_loss,val_loss
1,0.3558095693588257,0.2932448387145996
2,0.2383868396282196,0.2102300077676773
3,0.2029031217098236,0.19899028539657593
4,0.1807911992073059,0.19631293416023254
5,0.17137782275676727,0.1939488649368286
6,0.15096375346183777,0.20295879244804382
7,0.13255728781223297,0.22055715322494507
8,0.12054521590471268,0.21226392686367035
