epoch,train_loss,val_loss
1,0.34335392713546753,0.26421594619750977
2,0.22925464808940887,0.23267894983291626
3,0.19797669351100922,0.20683453977108002
4,0.1810753047466278,0.1856837272644043
5,0.16782400012016296,0.19448356330394745
6,0.15648536384105682,0.18420511484146118
7,0.14606879651546478,0.19319047033786774
8,0.13502086699008942,0.23994508385658264
9,0.12378546595573425,0.23279930651187897
