epoch,train_loss,val_loss
1,0.3590966761112213,0.2580474019050598
2,0.2356284260749817,0.24103549122810364
3,0.20205150544643402,0.2113105207681656
4,0.18151439726352692,0.2015012502670288
5,0.16591055691242218,0.19448266923427582
6,0.1511276513338089,0.1993275135755539
7,0.13593441247940063,0.22446605563163757
8,0.11989770084619522,0.21626977622509003
