epoch,train_loss,val_loss
1,0.33313432335853577,0.2929475009441376
2,0.21804852783679962,0.1932746320962906
3,0.18515180051326752,0.18395748734474182
4,0.16610556840896606,0.1865103840827942
5,0.15186022222042084,0.18329666554927826
6,0.1358029693365097,0.19269080460071564
7,0.11984937638044357,0.19416983425617218
8,0.10196460783481598,0.21104663610458374
