epoch,train_loss,val_loss
1,0.35669460892677307,0.3891617953777313
2,0.24477510154247284,0.32079654932022095
3,0.21094340085983276,0.21653102338314056
4,0.19301913678646088,0.19129416346549988
5,0.18108665943145752,0.1845744401216507
6,0.1710982620716095,0.1881866753101349
7,0.16204586625099182,0.18215233087539673
8,0.1503378003835678,0.19061489403247833
9,0.1408643275499344,0.18440793454647064
10,0.13080132007598877,0.19401311874389648
