epoch,train_loss,val_loss
1,0.35268673300743103,0.441614031791687
2,0.23909740149974823,0.21962469816207886
3,0.2050764411687851,0.22700610756874084
4,0.18670068681240082,0.1916591078042984
5,0.17022132873535156,0.1973274052143097
6,0.1570393592119217,0.19217608869075775
7,0.14396148920059204,0.20207339525222778
