epoch,train_loss,val_loss
1,0.36350902915000916,0.24095340073108673
2,0.23290309309959412,0.22880256175994873
3,0.20147813856601715,0.21195180714130402
4,0.1841699481010437,0.1923494040966034
5,0.16890722513198853,0.19210216403007507
6,0.15608888864517212,0.17960703372955322
7,0.14426450431346893,0.18647244572639465
8,0.13811065256595612,0.19821561872959137
9,0.11626964062452316,0.20982974767684937
