epoch,train_loss,val_loss
1,0.3586491346359253,0.2694087028503418
2,0.23180535435676575,0.19954217970371246
3,0.19663719832897186,0.2130473405122757
4,0.17617259919643402,0.21072334051132202
5,0.16117241978645325,0.21797862648963928
