epoch,train_loss,val_loss
1,0.30938857793807983,0.24360746145248413
2,0.21219849586486816,0.22199133038520813
3,0.18851353228092194,0.1989917755126953
4,0.17545631527900696,0.1939186155796051
5,0.16598527133464813,0.18865282833576202
6,0.15696726739406586,0.18936264514923096
7,0.14827054738998413,0.18833661079406738
8,0.1412906050682068,0.19171255826950073
9,0.13151466846466064,0.19777916371822357
10,0.12265665829181671,0.20699766278266907
