epoch,train_loss,val_loss
1,0.3455519378185272,0.23535630106925964
2,0.22664423286914825,0.19756923615932465
3,0.19388283789157867,0.192330002784729
4,0.17604030668735504,0.18001049757003784
5,0.1606365442276001,0.18429623544216156
6,0.14562273025512695,0.2003953605890274
7,0.1332050859928131,0.21574881672859192
