epoch,train_loss,val_loss
1,0.3923753499984741,0.3337974548339844
2,0.26683104038238525,0.27185288071632385
3,0.22150714695453644,0.21590963006019592
4,0.19696813821792603,0.2027701884508133
5,0.18114091455936432,0.21171614527702332
6,0.16829581558704376,0.1973506063222885
7,0.15733040869235992,0.2206551879644394
8,0.15216296911239624,0.22726424038410187
9,0.14055924117565155,0.21454519033432007
