epoch,train_loss,val_loss
1,0.3747093379497528,2.952901601791382
2,0.24778032302856445,0.23779653012752533
3,0.2092311531305313,0.2070367932319641
4,0.18823441863059998,0.19877958297729492
5,0.1721699833869934,0.20425818860530853
6,0.15779799222946167,0.20761646330356598
7,0.1403186023235321,0.22363080084323883
