epoch,train_loss,val_loss
1,0.3695621192455292,0.28027963638305664
2,0.24383778870105743,0.24486617743968964
3,0.20906588435173035,0.2083369791507721
4,0.18899878859519958,0.20762208104133606
5,0.1753377765417099,0.1915067434310913
6,0.16491541266441345,0.19729502499103546
7,0.15317073464393616,0.190964013338089
8,0.14128410816192627,0.20542815327644348
9,0.13002492487430573,0.19515036046504974
10,0.11714569479227066,0.20539453625679016
