epoch,train_loss,val_loss
1,0.35533374547958374,0.334684282541275
2,0.23931561410427094,0.2195935845375061
3,0.20909060537815094,0.21309038996696472
4,0.19181010127067566,0.19357623159885406
5,0.17818574607372284,0.2028929591178894
6,0.16859741508960724,0.1833205223083496
7,0.15611885488033295,0.19723299145698547
8,0.14806558191776276,0.19289301335811615
9,0.1376810371875763,0.19324110448360443
