epoch,train_loss,val_loss
1,0.28327304124832153,0.22552593052387238
2,0.20456081628799438,0.204581618309021
3,0.1822419911623001,0.1956687718629837
4,0.1682049185037613,0.19796426594257355
5,0.15506991744041443,0.2109198421239853
6,0.14276598393917084,0.2271401733160019
