epoch,train_loss,val_loss
1,0.35721978545188904,0.2647780776023865
2,0.23176376521587372,0.21310093998908997
3,0.20029130578041077,0.19725964963436127
4,0.18273745477199554,0.18898704648017883
5,0.1703484207391739,0.19573503732681274
6,0.16108793020248413,0.19063177704811096
7,0.15163156390190125,0.196546271443367
