epoch,train_loss,val_loss
1,0.3390667736530304,0.25728917121887207
2,0.21870513260364532,0.21144989132881165
3,0.19017258286476135,0.21087458729743958
4,0.17441727221012115,0.20571571588516235
5,0.16455242037773132,0.19375987350940704
6,0.15558822453022003,0.18686853349208832
7,0.14224039018154144,0.19845356047153473
8,0.13011762499809265,0.21516777575016022
9,0.11722034960985184,0.20380714535713196
