epoch,train_loss,val_loss
1,0.28654560446739197,0.24740570783615112
2,0.2082252949476242,0.21068497002124786
3,0.18491588532924652,0.1960979849100113
4,0.1695227324962616,0.1884446144104004
5,0.1563204824924469,0.20395006239414215
6,0.14275826513767242,0.21535983681678772
7,0.1293008029460907,0.22662904858589172
