epoch,train_loss,val_loss
1,0.3021102547645569,0.26479029655456543
2,0.21239319443702698,0.20965535938739777
3,0.18911795318126678,0.2082769274711609
4,0.1764417141675949,0.1974470317363739
5,0.16643644869327545,0.19906945526599884
6,0.15650787949562073,0.1994706392288208
7,0.14604587852954865,0.19491055607795715
8,0.13436007499694824,0.20210961997509003
9,0.12387232482433319,0.2008783519268036
10,0.11224731802940369,0.23003627359867096
