epoch,train_loss,val_loss
1,0.35692229866981506,0.26676660776138306
2,0.23478572070598602,0.22601717710494995
3,0.19978860020637512,0.20732325315475464
4,0.18346339464187622,0.20415474474430084
5,0.16923698782920837,0.1935737580060959
6,0.1571764200925827,0.1981206238269806
7,0.14548197388648987,0.19144344329833984
8,0.14071963727474213,0.19524335861206055
9,0.1273384690284729,0.19829291105270386
10,0.11271727085113525,0.209086611866951
