epoch,train_loss,val_loss
1,0.37009021639823914,0.2588364779949188
2,0.24259202182292938,0.21367760002613068
3,0.20663867890834808,0.20443065464496613
4,0.18665243685245514,0.19971297681331635
5,0.17044132947921753,0.19866544008255005
6,0.1560424417257309,0.1995176076889038
7,0.14380638301372528,0.20763149857521057
8,0.12636864185333252,0.21397967636585236
