epoch,train_loss,val_loss
1,0.40658241510391235,0.38052961230278015
2,0.3512677848339081,0.3881639242172241
3,0.34022608399391174,0.35914576053619385
4,0.32567670941352844,0.332698792219162
5,0.3159332871437073,0.3412795066833496
6,0.2976338565349579,0.3431030511856079
7,0.2827868163585663,0.3670933246612549
