epoch,train_loss,val_loss
1,0.3815029561519623,0.30853328108787537
2,0.25732117891311646,0.22136621177196503
3,0.21739637851715088,0.20294621586799622
4,0.19400613009929657,0.200859934091568
5,0.17675186693668365,0.18930400907993317
6,0.16161663830280304,0.1946650743484497
7,0.14958444237709045,0.20823819935321808
8,0.1273413896560669,0.23753300309181213
