epoch,train_loss,val_loss
1,0.3759309947490692,0.35596588253974915
2,0.26151493191719055,0.24174827337265015
3,0.22602936625480652,0.2331009805202484
4,0.20318686962127686,0.2201530784368515
5,0.18880347907543182,0.19918319582939148
6,0.17742328345775604,0.20893236994743347
7,0.16568855941295624,0.20190785825252533
8,0.14967474341392517,0.20927661657333374
