epoch,train_loss,val_loss
1,0.33516228199005127,0.22943668067455292
2,0.2290395051240921,0.2118435502052307
3,0.19838382303714752,0.19427405297756195
4,0.17839878797531128,0.19376495480537415
5,0.16109299659729004,0.20426642894744873
6,0.14714933931827545,0.1974835842847824
7,0.12801487743854523,0.20393630862236023
