epoch,train_loss,val_loss
1,0.29653167724609375,0.23618654906749725
2,0.20676980912685394,0.20251773297786713
3,0.18355070054531097,0.19337929785251617
4,0.16872338950634003,0.1981806457042694
5,0.15609212219715118,0.21612714231014252
6,0.143448606133461,0.2230202853679657
