epoch,train_loss,val_loss
1,0.3378785252571106,0.2598973214626312
2,0.22397591173648834,0.19984859228134155
3,0.1944710612297058,0.1856081187725067
4,0.17766420543193817,0.18270865082740784
5,0.16115406155586243,0.18728335201740265
6,0.1475801318883896,0.20878924429416656
7,0.1351599544286728,0.2185986489057541
