epoch,train_loss,val_loss
1,0.3459175229072571,0.27002209424972534
2,0.22975943982601166,0.25386589765548706
3,0.2028433233499527,0.20265498757362366
4,0.18337129056453705,0.20670492947101593
5,0.16817890107631683,0.1962653249502182
6,0.15475966036319733,0.2066020518541336
7,0.14254148304462433,0.19763821363449097
8,0.1296805888414383,0.21460393071174622
