epoch,train_loss,val_loss
1,0.2928587794303894,0.2514614462852478
2,0.21085768938064575,0.20934751629829407
3,0.1870197355747223,0.1994602382183075
4,0.17273931205272675,0.1974114328622818
5,0.16130290925502777,0.1979449838399887
6,0.15014316141605377,0.20909219980239868
7,0.138545960187912,0.21366165578365326
