epoch,train_loss,val_loss
1,0.32527467608451843,0.23333781957626343
2,0.2182161659002304,0.21082475781440735
3,0.1877206712961197,0.1984754055738449
4,0.1708202064037323,0.1907430738210678
5,0.1595352739095688,0.1809166669845581
6,0.1453212946653366,0.1911899447441101
7,0.13028591871261597,0.19521217048168182
8,0.11664463579654694,0.209938645362854
