epoch,train_loss,val_loss
1,0.3362380564212799,0.2622164785861969
2,0.2185540795326233,0.2197076827287674
3,0.19095757603645325,0.19642169773578644
4,0.1726590096950531,0.19990481436252594
5,0.15888850390911102,0.19528916478157043
6,0.14628316462039948,0.218589186668396
7,0.1301703006029129,0.23476973176002502
8,0.11549945175647736,0.25807544589042664
