epoch,train_loss,val_loss
1,0.38181817531585693,0.2764149308204651
2,0.26848503947257996,0.23442891240119934
3,0.22799749672412872,0.22481310367584229
4,0.20606683194637299,0.20877712965011597
5,0.19016826152801514,0.2013685554265976
6,0.17662881314754486,0.20520587265491486
7,0.16880565881729126,0.20487533509731293
8,0.15810146927833557,0.22009870409965515
