epoch,train_loss,val_loss
1,0.3694780468940735,0.30207568407058716
2,0.25801169872283936,0.2429429292678833
3,0.21695800125598907,0.23266470432281494
4,0.2075253278017044,0.2117234617471695
5,0.18228815495967865,0.19944830238819122
6,0.1692166030406952,0.18751126527786255
7,0.1584572196006775,0.19129157066345215
8,0.1495949923992157,0.19431458413600922
9,0.14838740229606628,0.18811184167861938
