epoch,train_loss,val_loss
1,0.29597601294517517,0.258443683385849
2,0.20920534431934357,0.2044069617986679
3,0.18626511096954346,0.2005702406167984
4,0.1724969893693924,0.20718275010585785
5,0.16119153797626495,0.20514650642871857
6,0.15145249664783478,0.20131418108940125
