epoch,train_loss,val_loss
1,0.35631754994392395,0.2790488600730896
2,0.2338988035917282,0.20787985622882843
3,0.20337125658988953,0.20783331990242004
4,0.18075448274612427,0.2200842648744583
5,0.1633375734090805,0.21562477946281433
6,0.1489873081445694,0.22674153745174408
