epoch,train_loss,val_loss
1,0.4163394272327423,0.36995822191238403
2,0.3310627043247223,0.2823621928691864
3,0.2751495838165283,0.3319149911403656
4,0.26253604888916016,0.2862076759338379
5,0.24554769694805145,0.2647560238838196
6,0.2253752052783966,0.2306343913078308
7,0.2124980092048645,0.2514473795890808
8,0.20109276473522186,0.2414977103471756
9,0.18913227319717407,0.24615363776683807
