epoch,train_loss,val_loss
1,0.39313405752182007,0.30510231852531433
2,0.2588035464286804,0.23527035117149353
3,0.21957066655158997,0.2161325365304947
4,0.19762830436229706,0.19946444034576416
5,0.18234550952911377,0.19247430562973022
6,0.1710696667432785,0.19070115685462952
7,0.16167916357517242,0.20471158623695374
8,0.1508651226758957,0.20050333440303802
9,0.13839146494865417,0.2128148227930069
