epoch,train_loss,val_loss
1,0.3508661985397339,0.2571592628955841
2,0.24225841462612152,0.22322645783424377
3,0.21216252446174622,0.22240236401557922
4,0.19611994922161102,0.23921248316764832
5,0.1816147267818451,0.19266746938228607
6,0.1693720519542694,0.1981503814458847
7,0.16108764708042145,0.22479204833507538
8,0.14859767258167267,0.20596358180046082
