epoch,train_loss,val_loss
1,0.3173494338989258,0.22741571068763733
2,0.21491773426532745,0.21065965294837952
3,0.1917513757944107,0.1977444440126419
4,0.1786131113767624,0.1969514936208725
5,0.17038868367671967,0.18426257371902466
6,0.1604619324207306,0.18940377235412598
7,0.15397295355796814,0.1837029755115509
8,0.1433127373456955,0.19562005996704102
9,0.13301867246627808,0.18945825099945068
10,0.12256826460361481,0.19185426831245422
