epoch,train_loss,val_loss
1,0.34202027320861816,0.2540850043296814
2,0.2272886335849762,0.21452392637729645
3,0.19624125957489014,0.1970183253288269
4,0.1782175451517105,0.19862410426139832
5,0.1643628627061844,0.20033901929855347
6,0.1496681272983551,0.19946494698524475
