epoch,train_loss,val_loss
1,0.2915179133415222,0.24381333589553833
2,0.209703728556633,0.20898057520389557
3,0.18717241287231445,0.19724006950855255
4,0.17357395589351654,0.1885630041360855
5,0.16260133683681488,0.19622266292572021
6,0.15237931907176971,0.19930502772331238
7,0.14226481318473816,0.20716656744480133
