epoch,train_loss,val_loss
1,0.3657892942428589,0.3437871038913727
2,0.25254392623901367,0.2444370836019516
3,0.2201392650604248,0.21485716104507446
4,0.19739621877670288,0.2011202722787857
5,0.18555106222629547,0.1935456246137619
6,0.17180657386779785,0.20314748585224152
7,0.16095876693725586,0.21539384126663208
8,0.1476377248764038,0.2081959843635559
