epoch,train_loss,val_loss
1,0.29269731044769287,0.22724534571170807
2,0.2103593945503235,0.2056923657655716
3,0.18490344285964966,0.19384802877902985
4,0.16885775327682495,0.1940993219614029
5,0.15573114156723022,0.1891024112701416
6,0.14229458570480347,0.20159056782722473
7,0.12956874072551727,0.20248399674892426
8,0.1178656816482544,0.22214680910110474
