epoch,train_loss,val_loss
1,0.3016091287136078,0.25675010681152344
2,0.21715329587459564,0.2054337114095688
3,0.18866564333438873,1.3357048034667969
4,0.17337729036808014,0.20167577266693115
5,0.1607276350259781,0.203473761677742
6,0.14786885678768158,0.20417003333568573
7,0.13515768945217133,0.21493986248970032
