epoch,train_loss,val_loss
1,0.2901315689086914,0.22732044756412506
2,0.20895037055015564,0.21000604331493378
3,0.18472576141357422,0.20387931168079376
4,0.16982801258563995,0.21581821143627167
5,0.15677958726882935,0.20187512040138245
6,0.14409270882606506,0.21011388301849365
7,0.13139159977436066,0.20212876796722412
8,0.11838717758655548,0.22934196889400482
