epoch,train_loss,val_loss
1,0.4041126072406769,0.34678030014038086
2,0.31200292706489563,0.3021562993526459
3,0.2659430503845215,0.2921200692653656
4,0.2410517930984497,0.2830307185649872
5,0.22848330438137054,0.2818249762058258
6,0.22155635058879852,0.2724311947822571
7,0.21348297595977783,0.3402152955532074
8,0.20169521868228912,0.2771463096141815
9,0.18930217623710632,0.2836887836456299
