epoch,train_loss,val_loss
1,0.33864864706993103,0.25539296865463257
2,0.22905343770980835,0.7554211020469666
3,0.19802308082580566,0.2033655345439911
4,0.17957590520381927,0.18777762353420258
5,0.163564532995224,0.18805378675460815
6,0.1477881669998169,0.18420182168483734
7,0.13175107538700104,0.2113521248102188
8,0.11612433195114136,0.20275643467903137
9,0.1012878343462944,0.2256007343530655
