epoch,train_loss,val_loss
1,0.35217905044555664,2.604729413986206
2,0.23997753858566284,0.24581915140151978
3,0.2123163938522339,0.218669593334198
4,0.19320979714393616,0.19502949714660645
5,0.1776367872953415,0.22329670190811157
6,0.16729983687400818,0.19830946624279022
7,0.1573937088251114,0.18561159074306488
8,0.14831779897212982,0.18968960642814636
9,0.13887184858322144,0.19335442781448364
10,0.1310957819223404,0.20037367939949036
