epoch,train_loss,val_loss
1,0.33775487542152405,0.2558371424674988
2,0.22728879749774933,0.2165095955133438
3,0.19740833342075348,0.2061888873577118
4,0.18107278645038605,0.18590791523456573
5,0.16822421550750732,0.18327639997005463
6,0.155928835272789,0.19071064889431
7,0.14420656859874725,0.1855493187904358
8,0.13237589597702026,0.18848596513271332
