epoch,train_loss,val_loss
1,0.30210232734680176,0.25240108370780945
2,0.2130119651556015,0.2157946228981018
3,0.18846826255321503,0.1984490305185318
4,0.1730426698923111,0.21602004766464233
5,0.16120709478855133,0.19096490740776062
6,0.15043380856513977,0.19206653535366058
7,0.1389554888010025,0.19997158646583557
8,0.12782679498195648,0.19756650924682617
