epoch,train_loss,val_loss
1,0.2951227128505707,0.2236337512731552
2,0.20685315132141113,0.20112033188343048
3,0.18437835574150085,0.19358506798744202
4,0.17096929252147675,0.1968652606010437
5,0.15951575338840485,0.19002091884613037
6,0.1479264199733734,0.18563663959503174
7,0.13607650995254517,0.19411730766296387
8,0.1240873783826828,0.20747242867946625
9,0.11428762972354889,0.1949697583913803
